"obs";"ycont";"ybin";"ypoi";"yord";"ycat";"cat2";"cat3";"x";"z";"cluster"
1;2;"1";1;2;2;"-1";"-1";28,5;-1,6496;"1"
2;3;"0";1;3;2;"-1";"0";37,1;1,3425;"1"
3;1;"1";0;1;1;"-1";"1";24,5;-0,3309;"1"
4;1;"1";0;1;1;"-1";"-1";39,1;0,3694;"1"
5;2;"0";1;2;2;"-1";"0";38,9;-0,2234;"1"
6;1;"1";0;1;1;"-1";"1";34,6;1,1564;"1"
7;2;"1";0;2;1;"-1";"-1";33,1;1,9268;"1"
8;2;"1";0;2;1;"-1";"0";34,2;0,9472;"1"
9;4;"0";3;4;2;"-1";"1";29,6;0,1128;"1"
10;3;"0";5;3;2;"-1";"-1";26,6;0,7638;"1"
11;1;"1";1;1;1;"-1";"0";29,8;-0,4482;"1"
12;2;"0";0;2;2;"-1";"1";29,6;-2,6974;"1"
13;1;"1";0;1;1;"-1";"-1";41;1,7389;"1"
14;4;"0";5;4;2;"-1";"0";33;-0,4383;"1"
15;2;"1";0;2;1;"-1";"1";36,5;0,2826;"1"
16;1;"1";0;1;1;"-1";"-1";30,4;0,3142;"1"
17;1;"1";1;1;1;"-1";"0";38,8;2,1423;"1"
18;2;"1";0;2;1;"-1";"1";34,4;0,6419;"1"
19;3;"0";0;3;2;"-1";"-1";42,7;-1,0165;"1"
20;1;"1";0;1;1;"-1";"0";31,8;2,0236;"1"
21;2;"1";1;2;1;"-1";"1";32,5;0,7547;"1"
22;2;"1";0;2;1;"-1";"-1";37,3;-0,0297;"1"
23;2;"1";0;2;2;"-1";"0";38,7;2,0844;"1"
24;1;"1";0;1;1;"-1";"1";33,1;-1,542;"1"
25;2;"1";1;2;1;"-1";"-1";32;0,3999;"1"
26;1;"1";0;1;1;"-1";"0";33,6;-1,0191;"1"
27;2;"0";0;2;2;"-1";"1";26,7;0,8149;"1"
28;1;"1";0;1;1;"-1";"-1";37,1;-0,0381;"1"
29;2;"1";3;2;1;"-1";"0";38;0,6893;"1"
30;1;"1";0;1;1;"-1";"1";33,4;0,6553;"1"
31;2;"1";0;2;1;"1";"-1";39,9;1,1882;"1"
32;3;"0";1;3;2;"1";"0";32,2;-0,4839;"1"
33;3;"0";2;3;2;"1";"1";34,1;1,256;"1"
34;3;"0";3;3;2;"1";"-1";33,8;-0,1593;"1"
35;3;"0";2;3;2;"1";"0";37,7;1,0819;"1"
36;3;"0";4;3;2;"1";"1";37,5;0,701;"1"
37;2;"1";0;2;1;"1";"-1";41;0,778;"1"
38;1;"1";0;1;1;"1";"0";33,1;1,5123;"1"
39;4;"0";9;4;3;"1";"1";41,6;1,7972;"1"
40;3;"0";5;3;2;"1";"-1";38,3;-0,2138;"1"
41;3;"0";0;3;2;"1";"0";41,8;-0,8706;"1"
42;3;"0";3;3;2;"1";"1";30,1;-1,0996;"1"
43;5;"0";25;5;3;"1";"-1";39,4;1,2755;"1"
44;3;"0";4;3;2;"1";"0";39,9;0,112;"1"
45;5;"0";20;5;3;"1";"1";36,9;-0,9459;"1"
46;1;"1";1;1;1;"1";"-1";18,7;-0,7085;"1"
47;2;"1";1;2;1;"1";"0";35,9;0,8196;"1"
48;4;"0";8;4;3;"1";"1";36,9;0,28;"1"
49;5;"0";32;5;3;"1";"-1";42,3;-0,6244;"1"
50;2;"0";0;2;2;"1";"0";32;-1,1678;"1"
51;3;"0";2;3;2;"1";"1";28,2;-0,2033;"1"
52;3;"0";7;3;2;"1";"-1";36;-0,7385;"1"
53;3;"0";3;3;2;"1";"0";35,6;0,7211;"1"
54;1;"1";0;1;1;"1";"1";33;1,4257;"1"
55;1;"1";0;1;1;"1";"-1";33,2;1,429;"1"
56;4;"0";10;4;3;"1";"0";42,4;-0,2142;"1"
57;4;"0";4;4;2;"1";"1";29,4;0,5871;"1"
58;3;"0";5;3;2;"1";"-1";35,4;1,9857;"1"
59;1;"1";0;1;1;"1";"0";28,8;1,0576;"1"
60;1;"1";0;1;1;"1";"1";24,9;-1,6184;"1"
1;3;"1";2;3;2;"-1";"-1";36,2;-0,9861;"2"
2;2;"1";0;2;1;"-1";"0";27,4;1,0324;"2"
3;4;"0";3;4;2;"-1";"1";35,3;1,7106;"2"
4;3;"1";1;3;2;"-1";"-1";33,9;0,1422;"2"
5;2;"1";0;2;1;"-1";"0";38,4;0,1687;"2"
6;5;"0";4;5;3;"-1";"1";36,2;-0,5792;"2"
7;2;"1";0;2;1;"-1";"-1";32,2;-0,8946;"2"
8;1;"1";1;1;1;"-1";"0";27,8;-1,1884;"2"
9;1;"1";0;1;1;"-1";"1";38,3;0,264;"2"
10;2;"1";0;2;1;"-1";"-1";34,9;0,9104;"2"
11;2;"1";3;2;2;"-1";"0";23,7;-0,2088;"2"
12;2;"1";0;2;1;"-1";"1";38,4;-0,3388;"2"
13;2;"1";0;2;2;"-1";"-1";38;-0,734;"2"
14;4;"0";2;4;2;"-1";"0";27,2;0,1282;"2"
15;1;"1";1;1;1;"-1";"1";32,4;0,6619;"2"
16;2;"1";1;2;1;"-1";"-1";38;0,4012;"2"
17;2;"1";1;2;1;"-1";"0";37,1;1,1027;"2"
18;3;"0";0;3;2;"-1";"1";32,9;-0,3892;"2"
19;3;"1";0;3;2;"-1";"-1";39,1;1,4807;"2"
20;2;"1";0;2;2;"-1";"0";33,5;-1,0871;"2"
21;2;"1";1;2;2;"-1";"1";30,1;1,2951;"2"
22;3;"0";1;3;2;"-1";"-1";35,2;1,5351;"2"
23;4;"0";4;4;2;"-1";"0";27,2;0,5763;"2"
24;2;"1";1;2;2;"-1";"1";30;0,3944;"2"
25;5;"0";5;5;3;"-1";"-1";39,9;0,0373;"2"
26;1;"1";1;1;1;"-1";"0";47,7;-0,8938;"2"
27;1;"1";0;1;1;"-1";"1";38,7;0,4673;"2"
28;3;"1";0;3;2;"-1";"-1";29,8;-0,4368;"2"
29;3;"1";0;3;2;"-1";"0";33,4;1,3281;"2"
30;2;"1";0;2;2;"-1";"1";39,7;-0,5875;"2"
31;2;"1";0;2;2;"1";"-1";36,6;-1,4732;"2"
32;5;"0";1;5;3;"1";"0";40,8;0,4675;"2"
33;2;"1";1;2;1;"1";"1";36,2;1,8591;"2"
34;1;"1";0;1;1;"1";"-1";27,7;-0,6857;"2"
35;3;"1";1;3;2;"1";"0";28,8;-0,7586;"2"
36;5;"0";8;5;3;"1";"1";35,7;-0,3193;"2"
37;3;"1";1;3;2;"1";"-1";39,8;-0,3985;"2"
38;4;"0";2;4;3;"1";"0";42,3;-0,0046;"2"
39;4;"0";1;4;2;"1";"1";31,5;1,1552;"2"
40;3;"1";0;3;2;"1";"-1";34;0,8127;"2"
41;5;"0";3;5;3;"1";"0";41,3;0,3335;"2"
42;5;"0";0;5;3;"1";"1";37,7;0,4514;"2"
43;5;"0";3;5;3;"1";"-1";40,1;-0,9877;"2"
44;2;"1";0;2;1;"1";"0";32,9;0,4351;"2"
45;1;"1";0;1;1;"1";"1";25,6;0,6513;"2"
46;4;"0";1;4;3;"1";"-1";32;1,0591;"2"
47;2;"1";1;2;1;"1";"0";29,6;-1,3183;"2"
48;3;"1";1;3;2;"1";"1";28,4;0,2216;"2"
49;1;"1";1;1;1;"1";"-1";40;-0,6121;"2"
50;5;"0";4;5;3;"1";"0";39,6;-0,5749;"2"
51;2;"1";0;2;1;"1";"1";32,4;0,2619;"2"
52;4;"0";2;4;2;"1";"-1";33,5;-0,4768;"2"
53;4;"0";4;4;3;"1";"0";25,5;-0,2964;"2"
54;3;"0";2;3;2;"1";"1";37,1;0,1304;"2"
55;3;"1";0;3;2;"1";"-1";41,7;0,4698;"2"
56;3;"1";1;3;2;"1";"0";36;-1,4521;"2"
57;1;"1";0;1;1;"1";"1";27,3;0,1282;"2"
58;2;"1";0;2;2;"1";"-1";37,7;1,5992;"2"
59;5;"0";4;5;3;"1";"0";35,7;-1,7052;"2"
60;4;"0";1;4;3;"1";"1";35,8;1,1193;"2"
1;3;"1";3;3;2;"-1";"-1";39,4;0,603;"3"
2;5;"0";5;5;3;"-1";"0";26,4;1,0493;"3"
3;4;"0";0;4;2;"-1";"1";39,2;0,8169;"3"
4;4;"0";0;4;3;"-1";"-1";35,6;0,1958;"3"
5;5;"0";3;5;3;"-1";"0";36,3;-0,3157;"3"
6;4;"0";2;4;3;"-1";"1";30,2;-0,5915;"3"
7;4;"0";2;4;3;"-1";"-1";39,5;2,0159;"3"
8;5;"0";9;5;3;"-1";"0";28,7;0,4232;"3"
9;4;"0";0;4;3;"-1";"1";33,4;-0,7327;"3"
10;5;"0";6;5;3;"-1";"-1";33,9;0,2073;"3"
11;4;"0";2;4;3;"-1";"0";34;1,1582;"3"
12;4;"0";3;4;3;"-1";"1";37,3;-0,6383;"3"
13;5;"0";3;5;3;"-1";"-1";37,4;0,7806;"3"
14;4;"0";4;4;3;"-1";"0";31,9;0,4404;"3"
15;3;"1";0;3;2;"-1";"1";23,7;0,8153;"3"
16;3;"1";1;3;2;"-1";"-1";38,1;0,2552;"3"
17;3;"1";0;3;2;"-1";"0";38;0,4027;"3"
18;4;"0";1;4;3;"-1";"1";33,6;-1,526;"3"
19;4;"0";1;4;2;"-1";"-1";35,3;0,7479;"3"
20;5;"0";15;5;3;"-1";"0";35,4;2,2146;"3"
21;5;"0";4;5;3;"-1";"1";26,9;1,0041;"3"
22;4;"0";1;4;3;"-1";"-1";36,1;1,0223;"3"
23;4;"0";3;4;2;"-1";"0";41,3;0,9236;"3"
24;4;"0";2;4;3;"-1";"1";43,3;0,5891;"3"
25;4;"0";4;4;3;"-1";"-1";35,4;-0,4896;"3"
26;3;"1";2;3;2;"-1";"0";41,3;0,5845;"3"
27;4;"0";0;4;2;"-1";"1";33,5;-0,5833;"3"
28;5;"0";4;5;3;"-1";"-1";31,2;-0,8087;"3"
29;5;"0";8;5;3;"-1";"0";23,7;0,3124;"3"
30;5;"0";5;5;3;"-1";"1";36,3;1,0792;"3"
31;3;"1";0;3;2;"1";"-1";40,4;0,0795;"3"
32;2;"1";0;2;1;"1";"0";28,3;-0,1365;"3"
33;3;"1";2;3;2;"1";"1";40,8;0,7859;"3"
34;4;"0";3;4;3;"1";"-1";39,2;0,8739;"3"
35;3;"1";0;3;2;"1";"0";34,6;1,6948;"3"
36;4;"0";0;4;2;"1";"1";41,9;0,3573;"3"
37;3;"1";1;3;2;"1";"-1";31,4;-0,8398;"3"
38;4;"0";0;4;2;"1";"0";39,7;1,0511;"3"
39;3;"1";1;3;2;"1";"1";29,9;2,1482;"3"
40;5;"0";6;5;3;"1";"-1";44,8;-0,3097;"3"
41;3;"1";0;3;2;"1";"0";31,4;1,2466;"3"
42;3;"1";0;3;2;"1";"1";41,3;0,4714;"3"
43;2;"1";0;2;1;"1";"-1";31,5;-0,5837;"3"
44;3;"1";1;3;2;"1";"0";35,6;1,2658;"3"
45;4;"0";1;4;2;"1";"1";35,4;1,8757;"3"
46;2;"1";0;2;2;"1";"-1";34,8;0,5736;"3"
47;2;"1";0;2;1;"1";"0";30,5;0,3819;"3"
48;3;"1";1;3;2;"1";"1";34,6;-1,24;"3"
49;4;"1";2;4;2;"1";"-1";34,1;2,1938;"3"
50;3;"1";0;3;2;"1";"0";29,5;0,959;"3"
51;3;"1";0;3;2;"1";"1";38,1;0,3291;"3"
52;3;"1";1;3;2;"1";"-1";37,2;-0,4327;"3"
53;2;"1";0;2;1;"1";"0";30,1;2,758;"3"
54;5;"0";4;5;3;"1";"1";25,1;-1,6147;"3"
55;1;"1";0;1;1;"1";"-1";31,6;-0,9912;"3"
56;4;"0";2;4;2;"1";"0";37,7;-0,8792;"3"
57;5;"0";10;5;3;"1";"1";42,4;0,3267;"3"
58;5;"0";6;5;3;"1";"-1";40,7;0,113;"3"
59;2;"1";0;2;1;"1";"0";40,3;0,8234;"3"
60;3;"1";0;3;2;"1";"1";40;-0,8482;"3"
1;2;"1";1;2;1;"-1";"-1";37,4;-0,5911;"4"
2;2;"1";3;2;2;"-1";"0";38,3;-0,6832;"4"
3;4;"0";6;4;3;"-1";"1";25,4;0,4085;"4"
4;4;"0";8;4;3;"-1";"-1";39,5;-1,4453;"4"
5;3;"0";2;3;2;"-1";"0";26;1,4064;"4"
6;2;"1";0;2;1;"-1";"1";33,3;-0,7257;"4"
7;3;"1";0;3;2;"-1";"-1";33,3;0,0521;"4"
8;4;"0";3;4;3;"-1";"0";42,1;-2,6886;"4"
9;2;"1";0;2;1;"-1";"1";40,6;1,3506;"4"
10;2;"1";1;2;1;"-1";"-1";30,4;-0,4587;"4"
11;4;"0";2;4;2;"-1";"0";37;0,3176;"4"
12;1;"1";1;1;1;"-1";"1";34,1;-0,1795;"4"
13;2;"1";0;2;2;"-1";"-1";40,1;1,3085;"4"
14;2;"1";1;2;1;"-1";"0";42,6;0,1964;"4"
15;3;"1";0;3;2;"-1";"1";40,1;-0,7587;"4"
16;3;"0";1;3;2;"-1";"-1";40,5;-1,119;"4"
17;2;"1";0;2;2;"-1";"0";35,6;1,1943;"4"
18;3;"0";1;3;2;"-1";"1";35,4;0,2542;"4"
19;2;"1";0;2;1;"-1";"-1";33,9;-0,8095;"4"
20;3;"1";1;3;2;"-1";"0";26;1,4568;"4"
21;2;"1";0;2;2;"-1";"1";37,2;-0,7449;"4"
22;3;"0";2;3;2;"-1";"-1";35,9;-0,432;"4"
23;2;"1";0;2;1;"-1";"0";30,7;0,7659;"4"
24;2;"1";2;2;1;"-1";"1";31;1,1025;"4"
25;3;"0";2;3;2;"-1";"-1";36,1;-0,3485;"4"
26;2;"1";0;2;2;"-1";"0";37,7;-1,69;"4"
27;4;"0";2;4;2;"-1";"1";38,9;-1,6602;"4"
28;3;"0";1;3;2;"-1";"-1";27,6;0,3975;"4"
29;2;"1";1;2;1;"-1";"0";41,6;-1,2737;"4"
30;2;"1";2;2;1;"-1";"1";39;-0,4825;"4"
31;3;"1";0;3;2;"1";"-1";37,9;0,0249;"4"
32;3;"1";0;3;2;"1";"0";32,6;2,1445;"4"
33;5;"0";9;5;3;"1";"1";34,2;0,0674;"4"
34;3;"0";2;3;2;"1";"-1";32,5;-1,5365;"4"
35;3;"1";1;3;2;"1";"0";33,3;0,2685;"4"
36;3;"0";3;3;2;"1";"1";32,2;-0,4492;"4"
37;3;"1";1;3;2;"1";"-1";34,6;-0,0706;"4"
38;4;"0";1;4;3;"1";"0";37,2;1,1222;"4"
39;5;"0";7;5;3;"1";"1";45,7;0,1241;"4"
40;5;"0";26;5;3;"1";"-1";48,1;-0,1755;"4"
41;2;"1";0;2;1;"1";"0";33,6;0,7507;"4"
42;2;"1";0;2;1;"1";"1";44,4;-1,076;"4"
43;1;"1";0;1;1;"1";"-1";37,6;-0,2121;"4"
44;4;"0";2;4;2;"1";"0";36,3;-0,6818;"4"
45;3;"0";3;3;2;"1";"1";34,5;-0,1541;"4"
46;3;"1";1;3;2;"1";"-1";30,1;1,555;"4"
47;2;"1";1;2;2;"1";"0";33,9;-0,7259;"4"
48;2;"1";0;2;2;"1";"1";30,6;-2,1932;"4"
49;3;"1";0;3;2;"1";"-1";51,3;2,0574;"4"
50;1;"1";0;1;1;"1";"0";31,7;0,2992;"4"
51;3;"1";2;3;2;"1";"1";33,2;-0,1075;"4"
52;3;"0";1;3;2;"1";"-1";37,2;0,3976;"4"
53;4;"0";4;4;2;"1";"0";40,8;1,3824;"4"
54;3;"0";3;3;2;"1";"1";34,5;0,4628;"4"
55;3;"1";0;3;2;"1";"-1";35,7;-0,5145;"4"
56;4;"0";2;4;2;"1";"0";39,3;-0,0655;"4"
57;4;"0";4;4;2;"1";"1";35,1;0,5583;"4"
58;4;"0";4;4;3;"1";"-1";36,6;-1,7451;"4"
59;4;"0";5;4;2;"1";"0";37,9;-0,5941;"4"
60;4;"0";7;4;3;"1";"1";39;1,4481;"4"
1;3;"1";0;3;2;"-1";"-1";34,8;-0,5212;"5"
2;3;"1";1;3;2;"-1";"0";30,4;-2,05;"5"
3;3;"1";1;3;2;"-1";"1";41,3;-0,7524;"5"
4;2;"1";0;2;1;"-1";"-1";29,8;-0,9421;"5"
5;2;"1";0;2;1;"-1";"0";36,5;0,6403;"5"
6;2;"1";0;2;1;"-1";"1";35,3;-1,2502;"5"
7;3;"0";1;3;2;"-1";"-1";37,6;-0,8149;"5"
8;3;"0";1;3;2;"-1";"0";32,9;-0,138;"5"
9;4;"0";2;4;3;"-1";"1";28,8;-0,7482;"5"
10;4;"0";0;4;3;"-1";"-1";35,7;1,7394;"5"
11;3;"1";0;3;2;"-1";"0";34,9;-1,6552;"5"
12;1;"1";0;1;1;"-1";"1";39,1;0,2625;"5"
13;3;"1";0;3;2;"-1";"-1";38,8;-0,8106;"5"
14;4;"0";0;4;2;"-1";"0";34,8;-0,4671;"5"
15;5;"0";5;5;3;"-1";"1";32,1;-1,2229;"5"
16;4;"0";3;4;3;"-1";"-1";29;-1,0512;"5"
17;1;"1";1;1;1;"-1";"0";29,6;0,0408;"5"
18;2;"1";0;2;1;"-1";"1";31,7;0,4141;"5"
19;2;"1";0;2;2;"-1";"-1";43,7;1,9368;"5"
20;3;"1";0;3;2;"-1";"0";32,7;-0,5865;"5"
21;2;"1";0;2;2;"-1";"1";28;1,332;"5"
22;2;"1";0;2;2;"-1";"-1";30,6;-0,9293;"5"
23;3;"1";1;3;2;"-1";"0";38,6;-0,2696;"5"
24;2;"1";0;2;1;"-1";"1";40;-0,5916;"5"
25;3;"1";1;3;2;"-1";"-1";29,1;1,7527;"5"
26;3;"1";1;3;2;"-1";"0";30,1;-1,1558;"5"
27;3;"1";3;3;2;"-1";"1";42,3;0,9139;"5"
28;4;"0";1;4;3;"-1";"-1";34,6;-0,5613;"5"
29;3;"1";0;3;2;"-1";"0";29,6;-0,6583;"5"
30;3;"1";0;3;2;"-1";"1";33,3;-0,2416;"5"
31;4;"0";3;4;2;"1";"-1";32,8;-0,0865;"5"
32;3;"1";0;3;2;"1";"0";30,3;1,4576;"5"
33;3;"1";1;3;2;"1";"1";29;-0,7919;"5"
34;5;"0";12;5;3;"1";"-1";42,2;-0,6465;"5"
35;3;"1";0;3;2;"1";"0";41,5;-1,5051;"5"
36;3;"0";0;3;2;"1";"1";32,9;-0,5513;"5"
37;1;"1";0;1;1;"1";"-1";22,9;1,0284;"5"
38;5;"0";7;5;3;"1";"0";40,2;-1,4883;"5"
39;5;"0";6;5;3;"1";"1";32,1;-0,3729;"5"
40;2;"1";1;2;2;"1";"-1";43,7;0,3009;"5"
41;5;"0";2;5;3;"1";"0";40,6;-1,5577;"5"
42;3;"1";2;3;2;"1";"1";34,3;-0,0366;"5"
43;3;"1";1;3;2;"1";"-1";32,7;-0,9858;"5"
44;1;"1";0;1;1;"1";"0";26;0,4674;"5"
45;4;"0";2;4;2;"1";"1";26,4;1,6003;"5"
46;4;"0";2;4;2;"1";"-1";34,1;-1,8905;"5"
47;4;"0";3;4;3;"1";"0";29,4;-0,7007;"5"
48;3;"1";0;3;2;"1";"1";38,1;0,4303;"5"
49;2;"1";1;2;2;"1";"-1";31,7;0,8778;"5"
50;4;"0";0;4;2;"1";"0";34,3;-0,951;"5"
51;4;"0";3;4;3;"1";"1";37;1,866;"5"
52;4;"0";0;4;2;"1";"-1";32,2;0,2034;"5"
53;3;"1";0;3;2;"1";"0";25;-0,407;"5"
54;3;"1";2;3;2;"1";"1";28,3;0,7334;"5"
55;5;"0";10;5;3;"1";"-1";39,5;-1,4403;"5"
56;4;"0";2;4;3;"1";"0";41,6;1,7925;"5"
57;3;"1";1;3;2;"1";"1";31;0,1154;"5"
58;2;"1";0;2;1;"1";"-1";27,2;-1,1254;"5"
59;4;"0";2;4;3;"1";"0";35,7;1,1514;"5"
60;3;"0";1;3;2;"1";"1";34,6;1,451;"5"
1;1;"1";0;1;1;"-1";"-1";32;0,8984;"6"
2;1;"1";0;1;1;"-1";"0";31,1;0,1145;"6"
3;2;"1";0;2;1;"-1";"1";35,1;0,2143;"6"
4;2;"1";0;2;1;"-1";"-1";35,6;-0,608;"6"
5;3;"1";1;3;2;"-1";"0";27,5;-0,2947;"6"
6;1;"1";0;1;1;"-1";"1";29,1;0,2282;"6"
7;1;"1";0;1;1;"-1";"-1";35,3;-1,0127;"6"
8;2;"1";0;2;1;"-1";"0";36,5;0,0555;"6"
9;1;"1";0;1;1;"-1";"1";33,4;1,1766;"6"
10;3;"1";0;3;2;"-1";"-1";30,9;0,9252;"6"
11;2;"1";0;2;1;"-1";"0";36,9;1,3063;"6"
12;3;"1";1;3;2;"-1";"1";31,5;0,4146;"6"
13;1;"1";0;1;1;"-1";"-1";27,6;-0,8192;"6"
14;3;"1";0;3;2;"-1";"0";36,6;-0,079;"6"
15;2;"1";1;2;2;"-1";"1";46,9;1,4043;"6"
16;2;"1";0;2;1;"-1";"-1";39,8;-0,3535;"6"
17;2;"1";1;2;1;"-1";"0";29,6;0,4394;"6"
18;1;"1";0;1;1;"-1";"1";32,7;0,2596;"6"
19;2;"1";0;2;1;"-1";"-1";30,6;-0,399;"6"
20;2;"1";0;2;1;"-1";"0";35,9;2,1847;"6"
21;2;"1";0;2;1;"-1";"1";39,2;-0,8493;"6"
22;1;"1";0;1;1;"-1";"-1";29,5;-0,144;"6"
23;2;"1";0;2;1;"-1";"0";24,8;-0,6202;"6"
24;2;"1";0;2;1;"-1";"1";32,2;0,0592;"6"
25;3;"1";0;3;2;"-1";"-1";26,4;-0,37;"6"
26;4;"0";2;4;2;"-1";"0";39,2;0,1085;"6"
27;2;"1";0;2;2;"-1";"1";37,8;0,4648;"6"
28;2;"1";1;2;1;"-1";"-1";25,8;-0,5609;"6"
29;3;"1";2;3;2;"-1";"0";41,8;-1,9418;"6"
30;1;"1";0;1;1;"-1";"1";32,8;0,1765;"6"
31;4;"0";6;4;3;"1";"-1";38,3;0,5427;"6"
32;3;"0";2;3;2;"1";"0";40,2;0,9938;"6"
33;4;"0";4;4;2;"1";"1";32,3;-0,1953;"6"
34;3;"1";2;3;2;"1";"-1";33,9;-1,1325;"6"
35;3;"0";2;3;2;"1";"0";36,3;0,3605;"6"
36;3;"1";1;3;2;"1";"1";40,5;-0,6754;"6"
37;2;"1";2;2;1;"1";"-1";34,3;0,3229;"6"
38;2;"1";0;2;1;"1";"0";34,2;0,1462;"6"
39;2;"1";2;2;2;"1";"1";41,8;0,9865;"6"
40;3;"1";0;3;2;"1";"-1";37,8;-0,9439;"6"
41;4;"0";2;4;3;"1";"0";35,9;0,5944;"6"
42;5;"0";14;5;3;"1";"1";34,6;-0,3368;"6"
43;3;"0";2;3;2;"1";"-1";37,6;-0,9597;"6"
44;4;"0";2;4;2;"1";"0";45,2;1,8003;"6"
45;4;"0";3;4;3;"1";"1";37,7;0,0611;"6"
46;5;"0";10;5;3;"1";"-1";42,1;0,932;"6"
47;5;"0";27;5;3;"1";"0";43,5;0,1587;"6"
48;2;"1";0;2;1;"1";"1";30,5;-0,1611;"6"
49;3;"0";1;3;2;"1";"-1";34,2;0,4597;"6"
50;4;"0";2;4;2;"1";"0";42,7;0,6449;"6"
51;3;"1";1;3;2;"1";"1";38,2;1,0739;"6"
52;3;"0";1;3;2;"1";"-1";32,8;0,5398;"6"
53;3;"1";0;3;2;"1";"0";31,6;-0,8496;"6"
54;3;"1";1;3;2;"1";"1";34,5;-0,3633;"6"
55;3;"1";0;3;2;"1";"-1";37,7;-0,249;"6"
56;3;"1";1;3;2;"1";"0";33,4;0,4029;"6"
57;3;"1";0;3;2;"1";"1";27,3;0,0762;"6"
58;3;"0";3;3;2;"1";"-1";36,3;1,0154;"6"
59;5;"0";18;5;3;"1";"0";42,4;0,5207;"6"
60;3;"0";1;3;2;"1";"1";41,8;-0,0762;"6"
1;3;"1";1;3;2;"-1";"-1";26,7;0,5866;"7"
2;1;"1";0;1;1;"-1";"0";42,4;1,2549;"7"
3;3;"1";1;3;2;"-1";"1";32,4;0,0752;"7"
4;3;"1";1;3;2;"-1";"-1";32,6;0,7221;"7"
5;2;"1";0;2;1;"-1";"0";36,4;0,313;"7"
6;2;"1";0;2;2;"-1";"1";45,6;-0,6034;"7"
7;4;"0";4;4;2;"-1";"-1";31,5;0,7028;"7"
8;3;"1";0;3;2;"-1";"0";33,2;0,2729;"7"
9;3;"1";0;3;2;"-1";"1";29,6;0,0168;"7"
10;4;"0";1;4;3;"-1";"-1";33;-0,8875;"7"
11;2;"1";0;2;1;"-1";"0";40,6;-0,1458;"7"
12;1;"1";0;1;1;"-1";"1";42,7;-0,5339;"7"
13;1;"1";0;1;1;"-1";"-1";39,6;-0,0331;"7"
14;3;"1";1;3;2;"-1";"0";32,9;2,2038;"7"
15;3;"1";1;3;2;"-1";"1";35,3;1,3405;"7"
16;2;"1";0;2;1;"-1";"-1";38,3;-0,0768;"7"
17;3;"1";0;3;2;"-1";"0";36,4;-0,4801;"7"
18;3;"1";0;3;2;"-1";"1";42,7;-0,0756;"7"
19;5;"0";6;5;3;"-1";"-1";31,7;1,1393;"7"
20;3;"1";0;3;2;"-1";"0";34,1;-0,9462;"7"
21;3;"1";0;3;2;"-1";"1";32,1;-0,6086;"7"
22;3;"1";2;3;2;"-1";"-1";33,7;1,5284;"7"
23;2;"1";1;2;2;"-1";"0";36,2;0,8093;"7"
24;4;"0";1;4;3;"-1";"1";36,8;-0,8037;"7"
25;2;"1";1;2;1;"-1";"-1";40,5;-0,2577;"7"
26;3;"1";1;3;2;"-1";"0";36,7;-0,3291;"7"
27;3;"1";0;3;2;"-1";"1";32,6;0,7655;"7"
28;2;"1";1;2;2;"-1";"-1";35,7;-1,3345;"7"
29;5;"0";5;5;3;"-1";"0";40,3;0,9298;"7"
30;3;"0";0;3;2;"-1";"1";38,5;1,7799;"7"
31;5;"0";7;5;3;"1";"-1";31,6;-1,646;"7"
32;4;"0";4;4;3;"1";"0";42,3;-0,0099;"7"
33;4;"0";0;4;2;"1";"1";31,9;0,1555;"7"
34;4;"0";0;4;2;"1";"-1";40,8;-0,7006;"7"
35;5;"0";8;5;3;"1";"0";46,2;-0,2001;"7"
36;4;"0";2;4;3;"1";"1";39,7;0,049;"7"
37;3;"0";2;3;2;"1";"-1";34,8;0,2042;"7"
38;3;"0";2;3;2;"1";"0";32,1;-0,9691;"7"
39;4;"0";1;4;3;"1";"1";31,8;-0,2412;"7"
40;4;"0";2;4;3;"1";"-1";41,4;0,0219;"7"
41;4;"0";2;4;2;"1";"0";27,1;-1,5279;"7"
42;4;"0";2;4;2;"1";"1";43,9;0,2807;"7"
43;3;"1";2;3;2;"1";"-1";28;-0,2238;"7"
44;4;"0";2;4;3;"1";"0";31,3;0,5473;"7"
45;3;"0";1;3;2;"1";"1";31,7;-0,9517;"7"
46;2;"1";0;2;1;"1";"-1";33,1;-0,1447;"7"
47;4;"0";0;4;2;"1";"0";32;-1,0841;"7"
48;5;"0";5;5;3;"1";"1";33,1;0,6232;"7"
49;3;"1";2;3;2;"1";"-1";29,6;0,5629;"7"
50;4;"0";4;4;3;"1";"0";37,5;-0,3549;"7"
51;3;"1";1;3;2;"1";"1";38,4;-1,2062;"7"
52;5;"0";2;5;3;"1";"-1";34,4;0,6995;"7"
53;3;"0";1;3;2;"1";"0";29,9;-0,8859;"7"
54;5;"0";6;5;3;"1";"1";30,4;-1,4106;"7"
55;3;"1";1;3;2;"1";"-1";33,7;0,8074;"7"
56;4;"0";3;4;3;"1";"0";42;-0,8574;"7"
57;4;"0";3;4;3;"1";"1";30,9;-0,0099;"7"
58;3;"1";0;3;2;"1";"-1";30,7;-0,2898;"7"
59;5;"0";7;5;3;"1";"0";41,6;-0,3143;"7"
60;5;"0";14;5;3;"1";"1";46,7;0,5796;"7"
1;2;"1";1;2;1;"-1";"-1";28,8;-0,0447;"8"
2;3;"0";0;3;2;"-1";"0";26,8;0,9653;"8"
3;3;"1";1;3;2;"-1";"1";30,7;0,1557;"8"
4;4;"0";5;4;3;"-1";"-1";30,5;0,0177;"8"
5;3;"1";1;3;2;"-1";"0";26,6;0,5541;"8"
6;1;"1";0;1;1;"-1";"1";41,6;-0,7787;"8"
7;3;"0";1;3;2;"-1";"-1";29,3;-1,5022;"8"
8;2;"1";0;2;1;"-1";"0";33,8;1,2508;"8"
9;3;"1";1;3;2;"-1";"1";33,1;0,0027;"8"
10;3;"0";3;3;2;"-1";"-1";40;0,3451;"8"
11;2;"1";1;2;1;"-1";"0";37,8;-0,4387;"8"
12;3;"1";0;3;2;"-1";"1";35,9;-1,6883;"8"
13;1;"1";0;1;1;"-1";"-1";28;-0,4244;"8"
14;4;"0";1;4;2;"-1";"0";30,6;0,2275;"8"
15;3;"1";0;3;2;"-1";"1";25,3;0,214;"8"
16;4;"0";3;4;2;"-1";"-1";30,9;0,693;"8"
17;1;"1";1;1;1;"-1";"0";35,8;-0,774;"8"
18;2;"1";2;2;2;"-1";"1";35,3;-0,8354;"8"
19;4;"0";1;4;2;"-1";"-1";35,8;-1,4893;"8"
20;2;"1";0;2;1;"-1";"0";46,9;-2,2957;"8"
21;1;"1";0;1;1;"-1";"1";39,8;-1,6529;"8"
22;2;"1";0;2;1;"-1";"-1";40;1,1462;"8"
23;1;"1";0;1;1;"-1";"0";34,3;0,0924;"8"
24;1;"1";0;1;1;"-1";"1";36,8;0,6475;"8"
25;2;"1";2;2;2;"-1";"-1";27,2;0,3467;"8"
26;1;"1";0;1;1;"-1";"0";34;-0,262;"8"
27;2;"1";0;2;2;"-1";"1";32,5;-0,4517;"8"
28;1;"1";0;1;1;"-1";"-1";36,9;-0,1693;"8"
29;3;"1";2;3;2;"-1";"0";27,5;2,4472;"8"
30;3;"1";0;3;2;"-1";"1";41,2;0,3817;"8"
31;4;"0";2;4;2;"1";"-1";38,4;0,8194;"8"
32;3;"1";1;3;2;"1";"0";36,2;-0,3288;"8"
33;3;"0";2;3;2;"1";"1";27,9;0,6389;"8"
34;4;"0";8;4;3;"1";"-1";34,8;1,5298;"8"
35;3;"0";2;3;2;"1";"0";32,8;-1,3337;"8"
36;4;"0";6;4;3;"1";"1";35,1;-0,2825;"8"
37;2;"1";0;2;2;"1";"-1";32,9;0,919;"8"
38;4;"0";1;4;2;"1";"0";39,5;0,9101;"8"
39;5;"0";8;5;3;"1";"1";37;-0,0813;"8"
40;5;"0";9;5;3;"1";"-1";39,2;1,7324;"8"
41;4;"0";4;4;2;"1";"0";28,8;2,4552;"8"
42;4;"0";3;4;3;"1";"1";31,8;1,0118;"8"
43;4;"0";3;4;2;"1";"-1";30,7;1,1076;"8"
44;3;"0";1;3;2;"1";"0";36,9;-1,7401;"8"
45;5;"0";12;5;3;"1";"1";37,5;0,3016;"8"
46;3;"0";1;3;2;"1";"-1";36,6;1,0071;"8"
47;3;"1";0;3;2;"1";"0";35,7;0,1239;"8"
48;4;"0";1;4;2;"1";"1";46,5;-0,4803;"8"
49;3;"0";1;3;2;"1";"-1";28,2;-1,233;"8"
50;3;"0";2;3;2;"1";"0";36,6;-0,8658;"8"
51;4;"0";2;4;2;"1";"1";34,3;-1,0562;"8"
52;4;"0";3;4;2;"1";"-1";39,4;1,1308;"8"
53;4;"0";2;4;2;"1";"0";35,8;-0,123;"8"
54;4;"0";6;4;2;"1";"1";41,9;-0,3735;"8"
55;4;"0";1;4;2;"1";"-1";32,4;0,8492;"8"
56;4;"0";4;4;3;"1";"0";37,7;-1,4766;"8"
57;4;"0";4;4;3;"1";"1";43;0,1372;"8"
58;4;"0";1;4;2;"1";"-1";31,9;-0,7129;"8"
59;2;"1";0;2;2;"1";"0";26,6;-0,2893;"8"
60;5;"0";8;5;3;"1";"1";38,6;-1,7297;"8"
1;4;"0";1;4;3;"-1";"-1";35,6;0,0561;"9"
2;4;"0";3;4;3;"-1";"0";24,9;0,2737;"9"
3;3;"1";0;3;2;"-1";"1";36;0,8746;"9"
4;3;"1";0;3;2;"-1";"-1";38,1;1,2998;"9"
5;4;"0";5;4;3;"-1";"0";34,6;-0,0696;"9"
6;3;"0";0;3;2;"-1";"1";43,2;1,1452;"9"
7;3;"1";0;3;2;"-1";"-1";30,3;1,8997;"9"
8;4;"0";3;4;2;"-1";"0";37,1;-0,3971;"9"
9;4;"0";2;4;3;"-1";"1";31,2;0,3976;"9"
10;2;"1";0;2;2;"-1";"-1";35,5;0,4603;"9"
11;5;"0";1;5;3;"-1";"0";32,3;0,2697;"9"
12;4;"0";2;4;3;"-1";"1";30;-1,4932;"9"
13;1;"1";0;1;1;"-1";"-1";35,7;0,581;"9"
14;2;"1";1;2;1;"-1";"0";40,1;0,3144;"9"
15;3;"1";0;3;2;"-1";"1";29,5;-0,3561;"9"
16;3;"1";1;3;2;"-1";"-1";26,5;-1,2363;"9"
17;4;"0";0;4;2;"-1";"0";39;0,0019;"9"
18;3;"0";1;3;2;"-1";"1";40,6;0,331;"9"
19;1;"1";0;1;1;"-1";"-1";32,7;-1,1581;"9"
20;4;"0";2;4;2;"-1";"0";32,5;-0,6374;"9"
21;2;"1";0;2;2;"-1";"1";34,7;-0,2471;"9"
22;3;"1";2;3;2;"-1";"-1";33,2;-1,6315;"9"
23;3;"0";2;3;2;"-1";"0";37,2;0,1058;"9"
24;5;"0";5;5;3;"-1";"1";32,7;-0,5177;"9"
25;3;"0";0;3;2;"-1";"-1";34;0,1452;"9"
26;4;"0";4;4;3;"-1";"0";27,2;-0,9659;"9"
27;3;"1";3;3;2;"-1";"1";32;-0,8085;"9"
28;4;"0";4;4;3;"-1";"-1";34,8;1,2705;"9"
29;2;"1";0;2;1;"-1";"0";44,2;1,4397;"9"
30;5;"0";3;5;3;"-1";"1";33,6;-1,4843;"9"
31;3;"1";1;3;2;"1";"-1";37,9;-0,8027;"9"
32;4;"0";0;4;2;"1";"0";34,7;-1,0785;"9"
33;1;"1";0;1;1;"1";"1";22,8;-0,5086;"9"
34;2;"1";0;2;1;"1";"-1";34,3;1,1825;"9"
35;2;"1";1;2;1;"1";"0";25,6;0,3968;"9"
36;2;"1";0;2;2;"1";"1";27,3;0,4584;"9"
37;1;"1";0;1;1;"1";"-1";37,2;0,6417;"9"
38;5;"0";4;5;3;"1";"0";35,7;1,1335;"9"
39;3;"0";1;3;2;"1";"1";46,5;-0,3067;"9"
40;4;"0";0;4;3;"1";"-1";33,4;0,0816;"9"
41;5;"0";4;5;3;"1";"0";34,1;-0,3896;"9"
42;2;"1";0;2;2;"1";"1";31,9;0,048;"9"
43;3;"1";0;3;2;"1";"-1";30,1;0,4032;"9"
44;4;"0";2;4;2;"1";"0";35,3;-0,1912;"9"
45;3;"1";1;3;2;"1";"1";30,8;0,7872;"9"
46;3;"1";0;3;2;"1";"-1";28,9;-1,5671;"9"
47;2;"1";0;2;2;"1";"0";29,1;-0,5711;"9"
48;4;"0";3;4;3;"1";"1";34,6;0,3437;"9"
49;3;"1";0;3;2;"1";"-1";35,2;0,2501;"9"
50;5;"0";10;5;3;"1";"0";40,8;0,4339;"9"
51;2;"1";0;2;2;"1";"1";28,5;-0,7679;"9"
52;2;"1";1;2;2;"1";"-1";33,2;0,3945;"9"
53;4;"0";4;4;2;"1";"0";33,5;-0,9999;"9"
54;3;"0";0;3;2;"1";"1";26,1;-1,7972;"9"
55;3;"1";2;3;2;"1";"-1";37,3;-1,0507;"9"
56;4;"0";1;4;2;"1";"0";32,1;0,4134;"9"
57;3;"1";1;3;2;"1";"1";34,8;-1,3446;"9"
58;2;"1";0;2;1;"1";"-1";33,1;-1,1024;"9"
59;3;"1";1;3;2;"1";"0";48,5;-0,8119;"9"
60;3;"0";3;3;2;"1";"1";35,8;-0,517;"9"
1;2;"1";1;2;2;"-1";"-1";30,1;0,0103;"10"
2;3;"1";0;3;2;"-1";"0";34,6;-1,1406;"10"
3;2;"1";0;2;2;"-1";"1";39,2;-0,9818;"10"
4;2;"1";0;2;2;"-1";"-1";27,8;-0,9733;"10"
5;2;"1";0;2;2;"-1";"0";33,3;-0,3259;"10"
6;2;"1";1;2;2;"-1";"1";38,9;0,4053;"10"
7;2;"1";0;2;1;"-1";"-1";30,2;0,5629;"10"
8;1;"1";0;1;1;"-1";"0";42,9;-0,4542;"10"
9;2;"1";0;2;1;"-1";"1";36,9;-0,2484;"10"
10;2;"1";0;2;1;"-1";"-1";40,9;1,2579;"10"
11;4;"0";2;4;2;"-1";"0";34,1;0,5679;"10"
12;5;"0";9;5;3;"-1";"1";25,6;-1,1428;"10"
13;5;"0";51;5;3;"-1";"-1";31,3;0,9026;"10"
14;4;"0";10;4;3;"-1";"0";30,5;-0,6638;"10"
15;2;"1";0;2;2;"-1";"1";31,8;-0,3834;"10"
16;4;"0";0;4;2;"-1";"-1";27,8;-0,0909;"10"
17;3;"0";2;3;2;"-1";"0";33,9;-0,5536;"10"
18;2;"1";0;2;2;"-1";"1";37,8;0,3635;"10"
19;2;"1";0;2;2;"-1";"-1";37,7;0,138;"10"
20;3;"1";1;3;2;"-1";"0";32,4;-0,3018;"10"
21;2;"1";1;2;1;"-1";"1";33,3;0,5287;"10"
22;3;"0";3;3;2;"-1";"-1";33,2;-0,737;"10"
23;2;"1";0;2;1;"-1";"0";25;0,1619;"10"
24;2;"1";2;2;1;"-1";"1";36,2;-0,1379;"10"
25;2;"1";0;2;1;"-1";"-1";40,2;1,0624;"10"
26;3;"1";1;3;2;"-1";"0";31,5;0,1378;"10"
27;4;"0";5;4;2;"-1";"1";37,3;0,12;"10"
28;1;"1";0;1;1;"-1";"-1";32,4;-0,256;"10"
29;4;"0";4;4;2;"-1";"0";24,4;-0,9063;"10"
30;2;"1";1;2;2;"-1";"1";34,7;-1,2725;"10"
31;1;"1";0;1;1;"1";"-1";23;-0,1995;"10"
32;3;"1";0;3;2;"1";"0";33;-0,2916;"10"
33;2;"1";0;2;2;"1";"1";33,7;-0,4853;"10"
34;2;"1";0;2;2;"1";"-1";40,1;1,3305;"10"
35;3;"0";1;3;2;"1";"0";40,3;-0,0256;"10"
36;3;"0";0;3;2;"1";"1";38,1;1,0939;"10"
37;2;"1";3;2;2;"1";"-1";33,9;-0,2517;"10"
38;3;"0";1;3;2;"1";"0";33;-0,7848;"10"
39;3;"0";1;3;2;"1";"1";43;1,3111;"10"
40;1;"1";0;1;1;"1";"-1";39,1;0,0078;"10"
41;1;"1";0;1;1;"1";"0";35,4;1,1656;"10"
42;2;"1";1;2;1;"1";"1";32,2;1,8461;"10"
43;3;"0";1;3;2;"1";"-1";40,3;1,3337;"10"
44;3;"0";1;3;2;"1";"0";40,5;-0,586;"10"
45;2;"1";2;2;1;"1";"1";38,4;-0,3353;"10"
46;3;"0";2;3;2;"1";"-1";36,2;0,5384;"10"
47;2;"1";0;2;1;"1";"0";34,7;-0,315;"10"
48;1;"1";0;1;1;"1";"1";35,6;0,4274;"10"
49;3;"1";2;3;2;"1";"-1";36;-2,3742;"10"
50;1;"1";0;1;1;"1";"0";22;-0,5859;"10"
51;2;"1";0;2;1;"1";"1";32,8;0,0428;"10"
52;4;"0";3;4;3;"1";"-1";40,9;0,0278;"10"
53;2;"1";0;2;1;"1";"0";37,7;0,2418;"10"
54;2;"1";0;2;1;"1";"1";36,8;-0,4456;"10"
55;2;"1";0;2;1;"1";"-1";32,4;0,3348;"10"
56;1;"1";0;1;1;"1";"0";36,5;0,1974;"10"
57;2;"1";2;2;2;"1";"1";30,6;-0,1754;"10"
58;2;"1";1;2;1;"1";"-1";32,1;-0,2749;"10"
59;2;"1";0;2;2;"1";"0";34,1;-0,8491;"10"
60;1;"1";0;1;1;"1";"1";22,1;1,3858;"10"
1;2;"1";1;2;1;"-1";"-1";38,7;-0,1711;"11"
2;1;"1";0;1;1;"-1";"0";32,4;0,9865;"11"
3;2;"1";1;2;1;"-1";"1";42,4;1,7151;"11"
4;3;"0";2;3;2;"-1";"-1";34,6;0,1699;"11"
5;2;"1";1;2;2;"-1";"0";40,5;0,7;"11"
6;2;"1";0;2;1;"-1";"1";41,9;-0,66;"11"
7;1;"1";0;1;1;"-1";"-1";35,1;0,4645;"11"
8;3;"0";0;3;2;"-1";"0";36,1;0,0133;"11"
9;2;"1";0;2;1;"-1";"1";38,4;-0,2031;"11"
10;4;"0";3;4;2;"-1";"-1";34,8;0,0016;"11"
11;1;"1";0;1;1;"-1";"0";34,6;-0,692;"11"
12;1;"1";1;1;1;"-1";"1";42,1;-0,1525;"11"
13;2;"1";0;2;2;"-1";"-1";34,6;-0,3072;"11"
14;2;"1";1;2;1;"-1";"0";34,9;-0,0185;"11"
15;3;"0";1;3;2;"-1";"1";41,9;-0,6251;"11"
16;2;"1";1;2;2;"-1";"-1";36,4;1,0437;"11"
17;3;"0";1;3;2;"-1";"0";37,7;-1,2558;"11"
18;1;"1";0;1;1;"-1";"1";43,3;-0,8505;"11"
19;4;"0";5;4;2;"-1";"-1";31,6;2,3632;"11"
20;3;"0";1;3;2;"-1";"0";30,2;-0,0527;"11"
21;3;"0";1;3;2;"-1";"1";33,2;-1,5457;"11"
22;3;"0";4;3;2;"-1";"-1";30;0,3265;"11"
23;4;"0";2;4;2;"-1";"0";28,3;-0,539;"11"
24;2;"1";0;2;1;"-1";"1";25,3;0,8694;"11"
25;1;"1";1;1;1;"-1";"-1";42,6;-0,4571;"11"
26;1;"1";0;1;1;"-1";"0";36,2;-0,563;"11"
27;1;"1";0;1;1;"-1";"1";33,2;-1,2084;"11"
28;2;"1";0;2;1;"-1";"-1";35,8;-0,7432;"11"
29;2;"1";2;2;2;"-1";"0";25,5;-1,3197;"11"
30;2;"1";0;2;1;"-1";"1";36,4;0,3313;"11"
31;4;"0";5;4;2;"1";"-1";31,4;1,8792;"11"
32;4;"0";1;4;2;"1";"0";33,7;-0,2422;"11"
33;5;"0";26;5;3;"1";"1";35,8;0,6203;"11"
34;2;"1";0;2;1;"1";"-1";31,9;0,2337;"11"
35;4;"0";9;4;2;"1";"0";38,1;0,9021;"11"
36;3;"0";1;3;2;"1";"1";45,2;-1,4786;"11"
37;1;"1";0;1;1;"1";"-1";30,9;-1,3255;"11"
38;2;"1";1;2;1;"1";"0";29,1;1,6253;"11"
39;5;"0";32;5;3;"1";"1";40,2;2,2883;"11"
40;4;"0";7;4;3;"1";"-1";32,3;0,0041;"11"
41;3;"0";3;3;2;"1";"0";30,4;0,7698;"11"
42;4;"0";4;4;3;"1";"1";33,1;-0,4975;"11"
43;4;"0";12;4;3;"1";"-1";37,5;-0,1027;"11"
44;2;"0";2;2;2;"1";"0";26,5;-0,6134;"11"
45;3;"0";0;3;2;"1";"1";37,4;-0,8333;"11"
46;4;"0";6;4;2;"1";"-1";33,8;0,9817;"11"
47;4;"0";13;4;3;"1";"0";38;-1,2321;"11"
48;3;"0";1;3;2;"1";"1";37,8;0,7195;"11"
49;4;"0";5;4;2;"1";"-1";33,4;0,1788;"11"
50;4;"0";4;4;2;"1";"0";42,2;-2,0123;"11"
51;3;"0";2;3;2;"1";"1";34,3;1,0515;"11"
52;3;"0";1;3;2;"1";"-1";22,4;0,0862;"11"
53;3;"0";0;3;2;"1";"0";38,4;1,0231;"11"
54;3;"0";0;3;2;"1";"1";29;-0,0397;"11"
55;3;"0";3;3;2;"1";"-1";29,3;-0,3662;"11"
56;3;"0";1;3;2;"1";"0";29,9;-0,2249;"11"
57;3;"0";2;3;2;"1";"1";29,8;0,0407;"11"
58;2;"1";4;2;2;"1";"-1";27,9;0,2927;"11"
59;4;"0";8;4;3;"1";"0";40,6;0,2705;"11"
60;5;"0";13;5;3;"1";"1";34,3;0,8007;"11"
1;3;"1";1;3;2;"-1";"-1";32,8;-0,3522;"12"
2;3;"1";1;3;2;"-1";"0";32,7;-0,4694;"12"
3;1;"1";0;1;1;"-1";"1";30,4;0,5437;"12"
4;4;"0";1;4;3;"-1";"-1";30,8;0,4859;"12"
5;2;"1";0;2;1;"-1";"0";40,6;-0,8768;"12"
6;2;"1";1;2;2;"-1";"1";39,1;-1,0153;"12"
7;2;"1";0;2;2;"-1";"-1";42,5;-1,2131;"12"
8;3;"1";0;3;2;"-1";"0";37,2;-0,7264;"12"
9;3;"1";0;3;2;"-1";"1";35;-0,2894;"12"
10;3;"1";0;3;2;"-1";"-1";39,3;0,0496;"12"
11;3;"1";0;3;2;"-1";"0";29;2,0108;"12"
12;4;"0";0;4;2;"-1";"1";36,9;-0,2599;"12"
13;2;"1";0;2;2;"-1";"-1";44,4;2,2634;"12"
14;1;"1";0;1;1;"-1";"0";37,1;-0,3282;"12"
15;2;"1";0;2;2;"-1";"1";31,5;-0,3981;"12"
16;4;"0";1;4;3;"-1";"-1";28,1;0,9841;"12"
17;3;"1";0;3;2;"-1";"0";27,4;-0,6446;"12"
18;2;"1";0;2;1;"-1";"1";33,2;-0,7989;"12"
19;5;"0";4;5;3;"-1";"-1";32,1;0,028;"12"
20;3;"1";0;3;2;"-1";"0";37,7;0,8521;"12"
21;2;"1";0;2;2;"-1";"1";48,9;-0,3709;"12"
22;3;"1";0;3;2;"-1";"-1";33,8;2,2084;"12"
23;2;"1";0;2;1;"-1";"0";34,6;-0,0225;"12"
24;3;"1";0;3;2;"-1";"1";27,5;1,0545;"12"
25;3;"1";0;3;2;"-1";"-1";38,3;-0,2789;"12"
26;3;"1";1;3;2;"-1";"0";39,5;-1,6859;"12"
27;3;"1";1;3;2;"-1";"1";37,6;-0,8566;"12"
28;3;"1";1;3;2;"-1";"-1";45;-0,4992;"12"
29;3;"1";1;3;2;"-1";"0";36,5;0,1687;"12"
30;3;"1";0;3;2;"-1";"1";34,3;1,3327;"12"
31;3;"1";0;3;2;"1";"-1";32,2;-0,2067;"12"
32;4;"1";1;4;2;"1";"0";32,3;-0,0063;"12"
33;4;"0";3;4;3;"1";"1";35,9;-0,0829;"12"
34;5;"0";5;5;3;"1";"-1";29,3;1,4659;"12"
35;5;"0";11;5;3;"1";"0";44,6;-0,5739;"12"
36;5;"0";5;5;3;"1";"1";32,8;-0,1969;"12"
37;2;"1";0;2;2;"1";"-1";34,6;-0,7874;"12"
38;5;"0";2;5;3;"1";"0";28,9;-0,2407;"12"
39;3;"1";0;3;2;"1";"1";29,2;-0,1218;"12"
40;5;"0";5;5;3;"1";"-1";40,1;-0,5202;"12"
41;4;"1";2;4;2;"1";"0";39,3;0,2171;"12"
42;5;"0";4;5;3;"1";"1";40,8;0,5034;"12"
43;5;"0";14;5;3;"1";"-1";31,9;1,8396;"12"
44;3;"1";1;3;2;"1";"0";29,1;-2,0815;"12"
45;4;"0";0;4;3;"1";"1";36,8;0,4495;"12"
46;4;"0";4;4;3;"1";"-1";39,4;-0,3985;"12"
47;3;"1";0;3;2;"1";"0";38,6;1,6351;"12"
48;5;"0";7;5;3;"1";"1";37,4;-0,385;"12"
49;2;"1";0;2;1;"1";"-1";31,3;0,6204;"12"
50;4;"1";1;4;2;"1";"0";42,5;-0,3287;"12"
51;5;"0";11;5;3;"1";"1";39,3;-0,0686;"12"
52;4;"0";2;4;3;"1";"-1";31,2;1,5432;"12"
53;4;"0";0;4;2;"1";"0";35,9;-0,8175;"12"
54;4;"0";2;4;2;"1";"1";38,3;-0,7424;"12"
55;3;"1";0;3;2;"1";"-1";35,7;0,759;"12"
56;3;"1";0;3;2;"1";"0";30,8;0,9505;"12"
57;5;"0";11;5;3;"1";"1";45,5;0,6822;"12"
58;4;"0";2;4;2;"1";"-1";41,9;-0,8848;"12"
59;3;"1";0;3;2;"1";"0";33,4;-1,3606;"12"
60;4;"0";2;4;3;"1";"1";38,2;-2,2669;"12"
1;2;"1";0;2;2;"-1";"-1";35,8;-1,5613;"13"
2;3;"1";0;3;2;"-1";"0";34,3;-1,1158;"13"
3;2;"1";0;2;1;"-1";"1";44,4;-1,4014;"13"
4;4;"1";1;4;2;"-1";"-1";39,8;0,9489;"13"
5;5;"0";5;5;3;"-1";"0";36;-0,4881;"13"
6;4;"1";2;4;2;"-1";"1";31,8;-0,5128;"13"
7;3;"1";1;3;2;"-1";"-1";33,8;-2,0213;"13"
8;4;"1";1;4;2;"-1";"0";33,2;2,0061;"13"
9;4;"1";0;4;2;"-1";"1";38,4;-0,0694;"13"
10;3;"1";0;3;2;"-1";"-1";34,7;-0,1183;"13"
11;4;"0";3;4;3;"-1";"0";36,6;-1,9827;"13"
12;5;"0";2;5;3;"-1";"1";29,2;1,0348;"13"
13;5;"0";0;5;3;"-1";"-1";33,7;0,6806;"13"
14;3;"1";0;3;2;"-1";"0";41,2;-0,1465;"13"
15;4;"1";0;4;2;"-1";"1";35,8;-0,5209;"13"
16;4;"1";1;4;2;"-1";"-1";37,7;-0,5401;"13"
17;3;"1";0;3;2;"-1";"0";33,2;-1,5246;"13"
18;3;"1";1;3;2;"-1";"1";37,6;0,8296;"13"
19;5;"0";4;5;3;"-1";"-1";33,7;-0,0178;"13"
20;2;"1";1;2;1;"-1";"0";43,1;0,2255;"13"
21;3;"1";0;3;2;"-1";"1";43,7;1,2625;"13"
22;3;"1";0;3;2;"-1";"-1";35,3;-1,9793;"13"
23;3;"1";1;3;2;"-1";"0";34,5;-0,4259;"13"
24;3;"1";1;3;2;"-1";"1";23,7;-0,7311;"13"
25;3;"1";0;3;2;"-1";"-1";42,1;0,6782;"13"
26;4;"1";0;4;2;"-1";"0";35,5;1,2709;"13"
27;3;"1";0;3;2;"-1";"1";39;-0,2238;"13"
28;5;"0";5;5;3;"-1";"-1";36,5;-0,935;"13"
29;2;"1";0;2;2;"-1";"0";30,1;-0,4831;"13"
30;3;"1";2;3;2;"-1";"1";39,7;-0,5138;"13"
31;4;"0";2;4;3;"1";"-1";39;0,0774;"13"
32;5;"0";4;5;3;"1";"0";37,5;-0,2493;"13"
33;3;"1";0;3;2;"1";"1";34,3;-0,8155;"13"
34;3;"1";0;3;2;"1";"-1";38,2;-0,5435;"13"
35;4;"0";1;4;3;"1";"0";32,5;-0,4722;"13"
36;3;"1";1;3;2;"1";"1";32,6;-0,3193;"13"
37;1;"1";0;1;1;"1";"-1";31,2;-0,3208;"13"
38;4;"1";1;4;2;"1";"0";39,3;1,4026;"13"
39;5;"0";2;5;3;"1";"1";39,1;1,836;"13"
40;3;"1";0;3;2;"1";"-1";37,3;-1,6135;"13"
41;4;"1";0;4;2;"1";"0";31,4;0,1463;"13"
42;4;"0";1;4;3;"1";"1";30,1;-2,2876;"13"
43;4;"1";1;4;3;"1";"-1";35;0,1536;"13"
44;2;"1";0;2;1;"1";"0";30,1;0,7364;"13"
45;2;"1";0;2;2;"1";"1";30,3;-0,1914;"13"
46;3;"1";1;3;2;"1";"-1";37,4;-0,7099;"13"
47;1;"1";0;1;1;"1";"0";21,5;0,6718;"13"
48;1;"1";0;1;1;"1";"1";30,8;-0,4154;"13"
49;4;"1";1;4;2;"1";"-1";33,2;0,9343;"13"
50;4;"1";0;4;2;"1";"0";30,6;-0,3552;"13"
51;5;"0";2;5;3;"1";"1";43,7;0,0108;"13"
52;4;"0";0;4;3;"1";"-1";31,1;-0,9976;"13"
53;1;"1";0;1;1;"1";"0";29,3;-0,9406;"13"
54;4;"1";2;4;3;"1";"1";36,1;0,9046;"13"
55;5;"0";3;5;3;"1";"-1";48,3;1,3888;"13"
56;2;"1";0;2;1;"1";"0";28,4;1,4133;"13"
57;3;"1";0;3;2;"1";"1";28,9;0,506;"13"
58;4;"1";0;4;2;"1";"-1";38,1;0,4712;"13"
59;4;"1";1;4;2;"1";"0";28,3;0,5975;"13"
60;4;"0";0;4;3;"1";"1";38;-0,2936;"13"
1;3;"1";0;3;2;"-1";"-1";35,3;-0,9391;"14"
2;3;"1";0;3;2;"-1";"0";39,6;1,2333;"14"
3;4;"0";1;4;2;"-1";"1";30,7;-0,2842;"14"
4;4;"0";2;4;2;"-1";"-1";31,1;0,4203;"14"
5;3;"1";1;3;2;"-1";"0";43,7;-1,6983;"14"
6;1;"1";0;1;1;"-1";"1";38,8;0,5708;"14"
7;4;"0";2;4;2;"-1";"-1";32,8;0,2775;"14"
8;4;"0";2;4;2;"-1";"0";39,3;1,2836;"14"
9;2;"1";0;2;1;"-1";"1";36,5;-0,7256;"14"
10;3;"1";2;3;2;"-1";"-1";28,8;1,7171;"14"
11;4;"0";2;4;3;"-1";"0";32,1;-1,2342;"14"
12;3;"0";0;3;2;"-1";"1";45,7;-0,4296;"14"
13;3;"1";0;3;2;"-1";"-1";28,1;-0,2037;"14"
14;2;"1";0;2;1;"-1";"0";33,6;-0,1051;"14"
15;4;"0";5;4;3;"-1";"1";42,3;0,0955;"14"
16;4;"0";5;4;3;"-1";"-1";34,9;0,8811;"14"
17;4;"0";0;4;2;"-1";"0";36,8;-0,6138;"14"
18;3;"1";0;3;2;"-1";"1";25,5;1,3686;"14"
19;3;"0";2;3;2;"-1";"-1";33,3;1,5931;"14"
20;5;"0";7;5;3;"-1";"0";33,5;-1,339;"14"
21;2;"1";0;2;1;"-1";"1";31,2;0,9779;"14"
22;5;"0";3;5;3;"-1";"-1";36;0,3587;"14"
23;2;"1";0;2;1;"-1";"0";32,8;0,9674;"14"
24;3;"0";1;3;2;"-1";"1";38,6;-1,6796;"14"
25;4;"0";4;4;3;"-1";"-1";37,6;-0,3501;"14"
26;2;"1";1;2;1;"-1";"0";38,8;1,182;"14"
27;3;"0";0;3;2;"-1";"1";33,9;1,4176;"14"
28;4;"0";6;4;3;"-1";"-1";31,7;0,509;"14"
29;4;"0";0;4;2;"-1";"0";45,9;-0,2462;"14"
30;4;"0";3;4;3;"-1";"1";28,2;-0,0716;"14"
31;3;"0";2;3;2;"1";"-1";38,7;-1,4468;"14"
32;3;"1";3;3;2;"1";"0";31,4;0,8635;"14"
33;3;"1";0;3;2;"1";"1";35,1;0,241;"14"
34;5;"0";6;5;3;"1";"-1";41,9;2,0644;"14"
35;4;"0";1;4;3;"1";"0";39,5;-0,9863;"14"
36;3;"0";1;3;2;"1";"1";30,9;0,8834;"14"
37;3;"1";1;3;2;"1";"-1";26,6;0,5887;"14"
38;5;"0";4;5;3;"1";"0";38,4;0,0475;"14"
39;1;"1";0;1;1;"1";"1";30,7;1,3525;"14"
40;1;"1";0;1;1;"1";"-1";29,8;-1,3028;"14"
41;2;"1";0;2;2;"1";"0";28,4;-1,2058;"14"
42;5;"0";15;5;3;"1";"1";38,7;-0,9105;"14"
43;4;"0";5;4;2;"1";"-1";32,3;-0,4321;"14"
44;4;"0";3;4;3;"1";"0";41,1;-2,0252;"14"
45;2;"1";0;2;1;"1";"1";39;-1,2157;"14"
46;1;"1";0;1;1;"1";"-1";27,8;-0,9033;"14"
47;2;"1";1;2;2;"1";"0";37,5;-2,3402;"14"
48;5;"0";9;5;3;"1";"1";31,6;-0,4781;"14"
49;4;"0";4;4;3;"1";"-1";38,1;0,2821;"14"
50;2;"1";0;2;2;"1";"0";40,2;-0,1329;"14"
51;3;"0";2;3;2;"1";"1";29,3;-0,0083;"14"
52;4;"0";3;4;2;"1";"-1";29,9;-0,0385;"14"
53;3;"0";1;3;2;"1";"0";31,2;-1,3165;"14"
54;3;"1";3;3;2;"1";"1";28,4;-0,742;"14"
55;5;"0";13;5;3;"1";"-1";42,6;2,1139;"14"
56;2;"1";0;2;1;"1";"0";28,8;-1,2121;"14"
57;3;"0";1;3;2;"1";"1";30,7;0,2162;"14"
58;3;"0";1;3;2;"1";"-1";32,1;-1,5215;"14"
59;4;"0";6;4;3;"1";"0";35;-1,8017;"14"
60;4;"0";4;4;2;"1";"1";38,4;0,4324;"14"
1;3;"0";1;3;2;"-1";"-1";31,9;0,7484;"15"
2;2;"1";0;2;1;"-1";"0";29,7;0,1635;"15"
3;3;"0";0;3;2;"-1";"1";31,8;-0,7624;"15"
4;3;"0";2;3;2;"-1";"-1";38,1;1,3873;"15"
5;1;"1";0;1;1;"-1";"0";36,6;-0,655;"15"
6;2;"1";0;2;2;"-1";"1";37,9;0,7311;"15"
7;1;"1";0;1;1;"-1";"-1";39,8;-0,0514;"15"
8;4;"0";5;4;3;"-1";"0";23,9;0,478;"15"
9;4;"0";7;4;3;"-1";"1";36,2;-1,6255;"15"
10;3;"0";1;3;2;"-1";"-1";39,3;-0,0061;"15"
11;2;"1";0;2;1;"-1";"0";33,4;-0,2354;"15"
12;2;"1";0;2;2;"-1";"1";34,9;-1,1201;"15"
13;2;"1";2;2;1;"-1";"-1";37;0,821;"15"
14;2;"1";1;2;2;"-1";"0";42;-0,2843;"15"
15;4;"0";7;4;3;"-1";"1";34,8;0,1106;"15"
16;3;"0";1;3;2;"-1";"-1";37,2;-2,924;"15"
17;2;"1";1;2;2;"-1";"0";33,4;0,7505;"15"
18;3;"1";0;3;2;"-1";"1";30,7;0,5518;"15"
19;3;"1";2;3;2;"-1";"-1";40,9;-0,312;"15"
20;2;"1";1;2;2;"-1";"0";28,5;1,2192;"15"
21;3;"0";0;3;2;"-1";"1";31,7;-0,579;"15"
22;2;"1";2;2;2;"-1";"-1";37,1;-0,9084;"15"
23;3;"0";1;3;2;"-1";"0";33,4;0,9167;"15"
24;3;"0";0;3;2;"-1";"1";47,3;1,01;"15"
25;2;"1";0;2;1;"-1";"-1";36,8;-1,0212;"15"
26;2;"1";0;2;2;"-1";"0";35,9;-1,5948;"15"
27;3;"0";3;3;2;"-1";"1";41;0,6568;"15"
28;2;"1";1;2;2;"-1";"-1";31,6;-1,7148;"15"
29;4;"0";6;4;3;"-1";"0";39,2;0,7557;"15"
30;1;"1";0;1;1;"-1";"1";45,5;-0,574;"15"
31;3;"0";1;3;2;"1";"-1";35,3;-0,6397;"15"
32;4;"0";3;4;3;"1";"0";35,3;-1,039;"15"
33;5;"0";9;5;3;"1";"1";41,6;-0,3082;"15"
34;3;"0";0;3;2;"1";"-1";34,1;-1,6093;"15"
35;3;"1";2;3;2;"1";"0";39,5;1,1034;"15"
36;2;"1";0;2;2;"1";"1";29,7;0,0025;"15"
37;3;"0";1;3;2;"1";"-1";39;0,627;"15"
38;3;"0";2;3;2;"1";"0";39,6;0,1927;"15"
39;5;"0";10;5;3;"1";"1";44,9;1,9164;"15"
40;3;"0";1;3;2;"1";"-1";40,8;-0,0299;"15"
41;1;"1";1;1;1;"1";"0";28,5;-0,5525;"15"
42;4;"0";5;4;3;"1";"1";36,5;-0,4455;"15"
43;1;"1";0;1;1;"1";"-1";26,8;-2,2356;"15"
44;3;"1";1;3;2;"1";"0";27,6;0,7053;"15"
45;2;"1";2;2;2;"1";"1";41,5;-0,5767;"15"
46;3;"0";2;3;2;"1";"-1";29,3;-0,6248;"15"
47;2;"1";0;2;1;"1";"0";36,8;0,6715;"15"
48;2;"1";0;2;1;"1";"1";28;1,01;"15"
49;1;"1";0;1;1;"1";"-1";34,2;0,1957;"15"
50;2;"1";0;2;2;"1";"0";37;-0,9042;"15"
51;2;"1";0;2;2;"1";"1";38,4;-0,1191;"15"
52;4;"0";6;4;3;"1";"-1";36,7;0,3676;"15"
53;2;"1";0;2;2;"1";"0";33,8;-0,1032;"15"
54;3;"0";1;3;2;"1";"1";44;1,2776;"15"
55;2;"1";1;2;2;"1";"-1";37,8;1,6739;"15"
56;1;"1";0;1;1;"1";"0";32,9;-1,0739;"15"
57;5;"0";18;5;3;"1";"1";38,1;0,2523;"15"
58;3;"0";0;3;2;"1";"-1";34,6;-0,285;"15"
59;1;"1";0;1;1;"1";"0";31,4;0,6408;"15"
60;3;"1";1;3;2;"1";"1";27;0,1772;"15"
1;2;"1";0;2;1;"-1";"-1";35,9;0,0429;"16"
2;3;"1";1;3;2;"-1";"0";34,7;-0,4967;"16"
3;3;"1";1;3;2;"-1";"1";37,9;2,3893;"16"
4;3;"1";0;3;2;"-1";"-1";36,5;-0,105;"16"
5;2;"1";2;2;2;"-1";"0";38,6;-0,1232;"16"
6;2;"1";1;2;1;"-1";"1";36,6;-0,7843;"16"
7;3;"1";2;3;2;"-1";"-1";34,4;-0,2903;"16"
8;4;"0";6;4;2;"-1";"0";31,9;0,7199;"16"
9;3;"1";2;3;2;"-1";"1";29;0,1607;"16"
10;4;"0";2;4;2;"-1";"-1";32,4;2,1305;"16"
11;2;"1";2;2;2;"-1";"0";30,3;-0,6014;"16"
12;3;"0";2;3;2;"-1";"1";31;-1,8053;"16"
13;2;"1";0;2;2;"-1";"-1";31,4;0,8921;"16"
14;3;"1";1;3;2;"-1";"0";37,9;-0,9779;"16"
15;3;"0";2;3;2;"-1";"1";31,2;-0,659;"16"
16;2;"1";1;2;2;"-1";"-1";29,6;1,2125;"16"
17;4;"0";1;4;3;"-1";"0";35,9;0,0968;"16"
18;1;"1";0;1;1;"-1";"1";33,5;0,7881;"16"
19;3;"1";2;3;2;"-1";"-1";29,6;-1,0842;"16"
20;3;"1";0;3;2;"-1";"0";40,9;-0,6396;"16"
21;2;"1";0;2;1;"-1";"1";37,3;-1,0062;"16"
22;3;"1";1;3;2;"-1";"-1";36,8;0,2453;"16"
23;3;"1";0;3;2;"-1";"0";40,8;0,5157;"16"
24;2;"1";0;2;1;"-1";"1";33,1;0,8715;"16"
25;1;"1";0;1;1;"-1";"-1";36,5;-0,6125;"16"
26;2;"1";1;2;2;"-1";"0";44;-0,5046;"16"
27;3;"1";1;3;2;"-1";"1";35,8;0,3726;"16"
28;1;"1";0;1;1;"-1";"-1";38,6;0,5994;"16"
29;3;"1";0;3;2;"-1";"0";38,7;1,1168;"16"
30;2;"1";0;2;1;"-1";"1";31,4;-0,4981;"16"
31;5;"0";5;5;3;"1";"-1";32,3;-1,7059;"16"
32;3;"1";0;3;2;"1";"0";35,6;-0,5;"16"
33;4;"0";4;4;2;"1";"1";35,5;-0,3582;"16"
34;5;"0";13;5;3;"1";"-1";43,4;0,1436;"16"
35;2;"1";0;2;2;"1";"0";24,2;-0,4579;"16"
36;4;"0";2;4;3;"1";"1";27,4;1,1395;"16"
37;3;"1";1;3;2;"1";"-1";40,8;1,3203;"16"
38;3;"1";0;3;2;"1";"0";36,5;-0,5827;"16"
39;3;"1";0;3;2;"1";"1";30,5;-0,5723;"16"
40;4;"0";1;4;2;"1";"-1";36,9;0,8001;"16"
41;4;"0";3;4;2;"1";"0";35;-0,0948;"16"
42;5;"0";9;5;3;"1";"1";34,4;-0,665;"16"
43;5;"0";9;5;3;"1";"-1";29,2;-1,4342;"16"
44;5;"0";8;5;3;"1";"0";49,9;0,0443;"16"
45;4;"0";3;4;3;"1";"1";29,6;-0,6399;"16"
46;5;"0";5;5;3;"1";"-1";37,1;-1,6033;"16"
47;5;"0";6;5;3;"1";"0";42,8;0,2395;"16"
48;4;"0";3;4;3;"1";"1";42,8;-1,6447;"16"
49;4;"0";5;4;3;"1";"-1";41,4;-0,5675;"16"
50;3;"1";1;3;2;"1";"0";29,7;0,1626;"16"
51;2;"1";0;2;2;"1";"1";31,1;0,6955;"16"
52;5;"0";18;5;3;"1";"-1";43,2;-2,466;"16"
53;5;"0";6;5;3;"1";"0";46,4;-0,8783;"16"
54;5;"0";5;5;3;"1";"1";36,1;1,7913;"16"
55;5;"0";6;5;3;"1";"-1";35,4;-1,8446;"16"
56;4;"0";5;4;3;"1";"0";29,6;-2,442;"16"
57;4;"0";2;4;3;"1";"1";31,9;-0,2688;"16"
58;5;"0";12;5;3;"1";"-1";36,7;0,5631;"16"
59;4;"0";2;4;3;"1";"0";38,7;0,5545;"16"
60;4;"0";5;4;3;"1";"1";32,4;-0,2794;"16"
1;2;"1";0;2;1;"-1";"-1";31,4;-2,435;"17"
2;2;"1";0;2;1;"-1";"0";38,5;-0,0423;"17"
3;1;"1";0;1;1;"-1";"1";32,3;1,7516;"17"
4;2;"1";0;2;1;"-1";"-1";37,3;0,6496;"17"
5;3;"0";0;3;2;"-1";"0";32,4;-0,6854;"17"
6;1;"1";1;1;1;"-1";"1";45,6;-0,1031;"17"
7;2;"1";0;2;1;"-1";"-1";41,9;0,9605;"17"
8;3;"0";2;3;2;"-1";"0";35;1,0884;"17"
9;3;"1";2;3;2;"-1";"1";31,2;1,276;"17"
10;1;"1";0;1;1;"-1";"-1";37,7;-0,1279;"17"
11;3;"1";1;3;2;"-1";"0";40,6;0,4382;"17"
12;2;"1";0;2;1;"-1";"1";33,3;-0,1932;"17"
13;4;"0";3;4;2;"-1";"-1";36,8;-1,0767;"17"
14;3;"1";1;3;2;"-1";"0";44,3;-0,2931;"17"
15;3;"0";3;3;2;"-1";"1";29,1;-0,2848;"17"
16;2;"1";0;2;1;"-1";"-1";39;-1,7256;"17"
17;3;"1";4;3;2;"-1";"0";38,6;1,4165;"17"
18;3;"0";1;3;2;"-1";"1";35,7;-0,678;"17"
19;4;"0";2;4;3;"-1";"-1";28;1,7118;"17"
20;3;"0";2;3;2;"-1";"0";28,1;-0,7139;"17"
21;5;"0";14;5;3;"-1";"1";30,5;-1,5059;"17"
22;2;"1";1;2;2;"-1";"-1";26,6;-0,7051;"17"
23;3;"0";0;3;2;"-1";"0";40,4;-1,0352;"17"
24;3;"1";0;3;2;"-1";"1";36,7;1,2368;"17"
25;3;"1";0;3;2;"-1";"-1";34;0,3678;"17"
26;3;"0";1;3;2;"-1";"0";30,8;-0,8157;"17"
27;4;"0";2;4;3;"-1";"1";36,3;0,0902;"17"
28;5;"0";3;5;3;"-1";"-1";27,1;0,3754;"17"
29;1;"1";1;1;1;"-1";"0";35,9;-0,9274;"17"
30;2;"1";0;2;2;"-1";"1";34,3;-0,0575;"17"
31;3;"0";1;3;2;"1";"-1";39,2;0,5145;"17"
32;4;"0";5;4;3;"1";"0";38,5;0,6872;"17"
33;4;"0";3;4;3;"1";"1";34,4;0,4821;"17"
34;2;"1";1;2;1;"1";"-1";35,8;2,8118;"17"
35;2;"1";0;2;1;"1";"0";32;-0,4517;"17"
36;3;"1";2;3;2;"1";"1";29;1,2258;"17"
37;3;"0";1;3;2;"1";"-1";37,6;-0,0096;"17"
38;2;"1";1;2;2;"1";"0";32,8;0,2409;"17"
39;3;"0";3;3;2;"1";"1";35,7;-0,8036;"17"
40;2;"1";0;2;1;"1";"-1";37,3;0,801;"17"
41;3;"1";0;3;2;"1";"0";38,4;-2,5449;"17"
42;3;"1";1;3;2;"1";"1";39,7;1,1994;"17"
43;3;"0";1;3;2;"1";"-1";31;-0,1344;"17"
44;3;"0";3;3;2;"1";"0";44,4;1,1111;"17"
45;3;"1";1;3;2;"1";"1";28,6;-0,8164;"17"
46;3;"1";1;3;2;"1";"-1";39,6;-0,7014;"17"
47;1;"1";1;1;1;"1";"0";27,7;-0,0081;"17"
48;3;"1";0;3;2;"1";"1";35,5;-2,0367;"17"
49;2;"1";0;2;1;"1";"-1";36,4;0,8023;"17"
50;4;"0";1;4;2;"1";"0";41,5;0,1244;"17"
51;3;"1";1;3;2;"1";"1";30,9;-0,4184;"17"
52;2;"1";0;2;1;"1";"-1";37,8;0,7086;"17"
53;4;"0";5;4;3;"1";"0";40,1;0,4573;"17"
54;2;"1";0;2;1;"1";"1";38,7;0,125;"17"
55;1;"1";0;1;1;"1";"-1";32,4;-1,5154;"17"
56;5;"0";12;5;3;"1";"0";46,4;0,1523;"17"
57;5;"0";15;5;3;"1";"1";47,6;0,9063;"17"
58;2;"1";0;2;1;"1";"-1";39,4;1,758;"17"
59;2;"1";1;2;1;"1";"0";31,4;-1,862;"17"
60;4;"0";3;4;3;"1";"1";32,9;-1,7461;"17"
1;2;"1";0;2;1;"-1";"-1";38,3;0,265;"18"
2;3;"1";0;3;2;"-1";"0";36,1;-1,0212;"18"
3;5;"0";5;5;3;"-1";"1";34,3;-0,3486;"18"
4;1;"1";0;1;1;"-1";"-1";39,1;0,3599;"18"
5;2;"1";1;2;1;"-1";"0";34,5;-0,3769;"18"
6;2;"1";0;2;2;"-1";"1";41,1;0,0919;"18"
7;3;"1";2;3;2;"-1";"-1";29,5;-0,5103;"18"
8;2;"1";0;2;1;"-1";"0";30,6;-0,3522;"18"
9;4;"0";6;4;3;"-1";"1";36,7;-0,1549;"18"
10;3;"0";0;3;2;"-1";"-1";39,2;-0,7;"18"
11;1;"1";0;1;1;"-1";"0";30,9;0,3623;"18"
12;4;"0";3;4;2;"-1";"1";28,9;0,3146;"18"
13;5;"0";6;5;3;"-1";"-1";29,3;-0,9436;"18"
14;3;"1";0;3;2;"-1";"0";43,3;-1,9079;"18"
15;4;"0";2;4;3;"-1";"1";30;-1,0798;"18"
16;3;"0";3;3;2;"-1";"-1";24;0,2786;"18"
17;3;"0";2;3;2;"-1";"0";33,6;-1,0526;"18"
18;3;"0";1;3;2;"-1";"1";37,5;0,1797;"18"
19;2;"1";0;2;1;"-1";"-1";30,9;-0,9214;"18"
20;3;"0";2;3;2;"-1";"0";42,2;0,0466;"18"
21;2;"1";0;2;2;"-1";"1";26,1;1,3901;"18"
22;5;"0";6;5;3;"-1";"-1";36,5;-2,2506;"18"
23;2;"1";0;2;2;"-1";"0";37,8;1,1344;"18"
24;3;"1";1;3;2;"-1";"1";33,5;-1,5017;"18"
25;3;"0";0;3;2;"-1";"-1";41,2;1,8053;"18"
26;5;"0";5;5;3;"-1";"0";35,5;-0,1139;"18"
27;1;"1";0;1;1;"-1";"1";36,6;1,3905;"18"
28;2;"1";0;2;1;"-1";"-1";35;-0,7438;"18"
29;4;"0";2;4;3;"-1";"0";36,3;0,7867;"18"
30;3;"0";0;3;2;"-1";"1";30,6;2,0648;"18"
31;4;"0";3;4;3;"1";"-1";32,5;0,9142;"18"
32;5;"0";3;5;3;"1";"0";48,6;2,072;"18"
33;3;"0";1;3;2;"1";"1";30,9;0,3269;"18"
34;5;"0";8;5;3;"1";"-1";32,3;-1,1619;"18"
35;5;"0";4;5;3;"1";"0";31,3;0,9772;"18"
36;5;"0";6;5;3;"1";"1";39,2;0,0188;"18"
37;5;"0";2;5;3;"1";"-1";38,9;-1,5963;"18"
38;1;"1";0;1;1;"1";"0";24,6;0,5895;"18"
39;1;"1";0;1;1;"1";"1";33,1;0,6552;"18"
40;1;"1";1;1;1;"1";"-1";23,6;0,759;"18"
41;4;"0";4;4;3;"1";"0";35,3;-0,2471;"18"
42;5;"0";2;5;3;"1";"1";37,2;1,7702;"18"
43;2;"1";0;2;1;"1";"-1";33,7;0,217;"18"
44;3;"0";2;3;2;"1";"0";28,1;1,1519;"18"
45;2;"1";0;2;1;"1";"1";27,2;2,6053;"18"
46;4;"0";3;4;3;"1";"-1";38,2;-1,6129;"18"
47;3;"0";0;3;2;"1";"0";37;-2,3319;"18"
48;3;"0";3;3;2;"1";"1";30;0,1199;"18"
49;3;"1";0;3;2;"1";"-1";36,8;1,0554;"18"
50;5;"0";5;5;3;"1";"0";40,4;0,1715;"18"
51;1;"1";0;1;1;"1";"1";31,6;1,7785;"18"
52;5;"0";4;5;3;"1";"-1";32,3;-0,2589;"18"
53;4;"0";5;4;3;"1";"0";40,7;-0,0555;"18"
54;3;"0";0;3;2;"1";"1";31;-1,0931;"18"
55;5;"0";12;5;3;"1";"-1";35,4;0,7089;"18"
56;3;"0";1;3;2;"1";"0";38,8;0,5972;"18"
57;2;"1";0;2;2;"1";"1";36,6;0,8894;"18"
58;4;"0";1;4;2;"1";"-1";28,8;-0,5216;"18"
59;4;"0";2;4;3;"1";"0";32,9;0,5216;"18"
60;2;"1";0;2;1;"1";"1";30,6;-0,1466;"18"
1;3;"1";1;3;2;"-1";"-1";27;-0,6999;"19"
2;3;"0";2;3;2;"-1";"0";31,7;-0,6759;"19"
3;4;"0";4;4;2;"-1";"1";32,7;-0,7718;"19"
4;3;"1";1;3;2;"-1";"-1";28,4;-0,2151;"19"
5;3;"1";3;3;2;"-1";"0";35,4;1,1569;"19"
6;3;"1";1;3;2;"-1";"1";36,3;0,6036;"19"
7;2;"1";0;2;2;"-1";"-1";35,4;-0,4283;"19"
8;3;"0";4;3;2;"-1";"0";33,7;1,0029;"19"
9;4;"0";1;4;3;"-1";"1";28,6;-1,1038;"19"
10;3;"1";0;3;2;"-1";"-1";39,1;1,2563;"19"
11;4;"0";2;4;2;"-1";"0";37,2;-0,3949;"19"
12;4;"0";2;4;3;"-1";"1";40,7;-1,0878;"19"
13;1;"1";0;1;1;"-1";"-1";37,7;1,0376;"19"
14;4;"0";2;4;3;"-1";"0";32,1;-0,3256;"19"
15;1;"1";0;1;1;"-1";"1";32;-0,3871;"19"
16;4;"0";2;4;3;"-1";"-1";33,2;-0,8092;"19"
17;3;"1";0;3;2;"-1";"0";34,2;0,4747;"19"
18;3;"1";0;3;2;"-1";"1";29,5;-0,4487;"19"
19;3;"1";3;3;2;"-1";"-1";33,2;1,8622;"19"
20;3;"1";1;3;2;"-1";"0";43,4;1,3334;"19"
21;3;"1";0;3;2;"-1";"1";40;0,8204;"19"
22;3;"0";1;3;2;"-1";"-1";29,5;0,3347;"19"
23;3;"1";2;3;2;"-1";"0";35;0,6005;"19"
24;3;"0";1;3;2;"-1";"1";35,3;1,3441;"19"
25;4;"0";3;4;2;"-1";"-1";31,7;-0,4308;"19"
26;4;"0";1;4;3;"-1";"0";31,9;2,795;"19"
27;4;"0";1;4;2;"-1";"1";35,5;0,2072;"19"
28;3;"0";1;3;2;"-1";"-1";30,9;-0,4923;"19"
29;3;"0";0;3;2;"-1";"0";42,6;-0,9123;"19"
30;3;"1";0;3;2;"-1";"1";31,5;1,5968;"19"
31;4;"0";1;4;2;"1";"-1";43,7;0,1788;"19"
32;2;"1";1;2;2;"1";"0";35,9;-1,1898;"19"
33;4;"0";0;4;2;"1";"1";31,6;-1,0681;"19"
34;4;"0";2;4;2;"1";"-1";36,9;0,1161;"19"
35;1;"1";0;1;1;"1";"0";30,2;-1,1522;"19"
36;3;"1";0;3;2;"1";"1";48,6;-0,2059;"19"
37;1;"1";0;1;1;"1";"-1";28,5;0,4297;"19"
38;3;"1";0;3;2;"1";"0";37,6;-0,9009;"19"
39;4;"0";1;4;3;"1";"1";39,9;-0,2904;"19"
40;3;"0";0;3;2;"1";"-1";37,3;-1,6429;"19"
41;5;"0";15;5;3;"1";"0";35,9;0,2461;"19"
42;2;"1";1;2;2;"1";"1";33,2;1,0449;"19"
43;5;"0";15;5;3;"1";"-1";47,1;-0,0868;"19"
44;4;"0";0;4;2;"1";"0";40,4;-0,7561;"19"
45;5;"0";8;5;3;"1";"1";39,1;0,5091;"19"
46;1;"1";0;1;1;"1";"-1";31,2;-2,1114;"19"
47;2;"1";0;2;1;"1";"0";30,2;0,7547;"19"
48;5;"0";6;5;3;"1";"1";39;-0,5173;"19"
49;1;"1";0;1;1;"1";"-1";37,7;0,1164;"19"
50;1;"1";0;1;1;"1";"0";27;0,4492;"19"
51;1;"1";0;1;1;"1";"1";39;2,1618;"19"
52;3;"0";1;3;2;"1";"-1";42,8;0,177;"19"
53;3;"0";0;3;2;"1";"0";41,2;0,4172;"19"
54;4;"0";3;4;3;"1";"1";30,6;0,1409;"19"
55;3;"1";2;3;2;"1";"-1";33,2;-0,9201;"19"
56;3;"0";0;3;2;"1";"0";41,7;-0,6099;"19"
57;2;"1";2;2;1;"1";"1";28,1;0,1951;"19"
58;3;"1";0;3;2;"1";"-1";36,3;0,185;"19"
59;3;"1";0;3;2;"1";"0";34;-0,9185;"19"
60;3;"1";0;3;2;"1";"1";40,8;-1,6825;"19"
1;3;"1";0;3;2;"-1";"-1";38,4;-1,0436;"20"
2;3;"1";2;3;2;"-1";"0";28,2;-1,8409;"20"
3;3;"1";2;3;2;"-1";"1";31,1;0,0129;"20"
4;3;"1";0;3;2;"-1";"-1";29,5;-0,4641;"20"
5;2;"1";1;2;2;"-1";"0";43,7;0,5424;"20"
6;1;"1";0;1;1;"-1";"1";45,1;-1,0726;"20"
7;3;"1";0;3;2;"-1";"-1";36;1,1035;"20"
8;5;"0";7;5;3;"-1";"0";26,4;-0,1526;"20"
9;4;"0";1;4;2;"-1";"1";27,4;-0,7502;"20"
10;3;"1";0;3;2;"-1";"-1";30,4;0,414;"20"
11;2;"1";0;2;1;"-1";"0";35,1;0,0729;"20"
12;2;"1";0;2;2;"-1";"1";38,7;-1,3693;"20"
13;2;"1";0;2;1;"-1";"-1";35,1;-1,4438;"20"
14;3;"1";0;3;2;"-1";"0";28,9;1,712;"20"
15;4;"0";2;4;2;"-1";"1";28,6;-0,3953;"20"
16;3;"1";0;3;2;"-1";"-1";39,3;0,6288;"20"
17;2;"1";1;2;2;"-1";"0";34,7;1,4057;"20"
18;4;"0";2;4;3;"-1";"1";35,9;0,243;"20"
19;2;"1";0;2;2;"-1";"-1";36,9;1,2105;"20"
20;3;"1";0;3;2;"-1";"0";40,2;-0,3011;"20"
21;2;"1";0;2;1;"-1";"1";25,1;1,4694;"20"
22;3;"1";2;3;2;"-1";"-1";37,2;0,3172;"20"
23;5;"0";13;5;3;"-1";"0";41,1;-1,3708;"20"
24;3;"1";0;3;2;"-1";"1";35,8;-0,068;"20"
25;3;"1";0;3;2;"-1";"-1";37,2;1,1104;"20"
26;5;"0";4;5;3;"-1";"0";31,1;0,8197;"20"
27;2;"1";1;2;2;"-1";"1";45,4;0,3393;"20"
28;3;"1";0;3;2;"-1";"-1";38;0,6049;"20"
29;3;"1";0;3;2;"-1";"0";37,5;-1,0535;"20"
30;3;"1";0;3;2;"-1";"1";30,9;-2,3662;"20"
31;2;"1";1;2;2;"1";"-1";31,6;1,9187;"20"
32;5;"0";8;5;3;"1";"0";40,6;-1,0349;"20"
33;3;"1";2;3;2;"1";"1";35,7;0,2912;"20"
34;1;"1";0;1;1;"1";"-1";33,6;0,226;"20"
35;2;"1";0;2;2;"1";"0";32,2;-1,5942;"20"
36;4;"0";1;4;2;"1";"1";30,1;0,2666;"20"
37;2;"1";0;2;2;"1";"-1";30,3;-0,062;"20"
38;3;"1";0;3;2;"1";"0";28,9;-0,7543;"20"
39;3;"1";0;3;2;"1";"1";26,8;0,8142;"20"
40;3;"1";1;3;2;"1";"-1";36,8;0,5769;"20"
41;2;"1";0;2;1;"1";"0";31,3;0,3861;"20"
42;3;"1";0;3;2;"1";"1";23,2;-0,7659;"20"
43;3;"1";0;3;2;"1";"-1";30,8;-0,3501;"20"
44;3;"1";0;3;2;"1";"0";38,6;-0,1376;"20"
45;1;"1";0;1;1;"1";"1";31,6;-0,0328;"20"
46;3;"1";1;3;2;"1";"-1";38,3;0,8991;"20"
47;5;"0";2;5;3;"1";"0";38,7;-0,2923;"20"
48;3;"1";0;3;2;"1";"1";29,1;0,3561;"20"
49;3;"1";0;3;2;"1";"-1";32,4;1,7683;"20"
50;3;"1";1;3;2;"1";"0";35,2;-1,0994;"20"
51;3;"1";0;3;2;"1";"1";32,6;0,5545;"20"
52;1;"1";0;1;1;"1";"-1";31,6;0,6813;"20"
53;4;"0";0;4;2;"1";"0";41,3;0,1868;"20"
54;2;"1";0;2;1;"1";"1";29,8;-1,9027;"20"
55;4;"0";2;4;3;"1";"-1";36,1;0,2218;"20"
56;2;"1";1;2;1;"1";"0";29,6;0,5387;"20"
57;3;"1";0;3;2;"1";"1";41,7;-0,4918;"20"
58;3;"1";0;3;2;"1";"-1";34,8;0,3783;"20"
59;4;"0";1;4;2;"1";"0";36,9;-0,1551;"20"
60;1;"1";0;1;1;"1";"1";36,3;0,1611;"20"
1;1;"1";0;1;1;"-1";"-1";44,5;0,9765;"21"
2;3;"1";0;3;2;"-1";"0";27,6;-1,4669;"21"
3;4;"1";1;4;2;"-1";"1";34,4;-1,7646;"21"
4;3;"1";1;3;2;"-1";"-1";34,6;0,2203;"21"
5;4;"0";0;4;2;"-1";"0";32,8;-0,008;"21"
6;1;"1";0;1;1;"-1";"1";47,1;-0,0774;"21"
7;4;"1";1;4;2;"-1";"-1";33,1;0,5497;"21"
8;4;"0";2;4;3;"-1";"0";27,6;0,3592;"21"
9;2;"1";0;2;1;"-1";"1";36,2;-0,5562;"21"
10;3;"1";0;3;2;"-1";"-1";34;1,8424;"21"
11;4;"1";3;4;2;"-1";"0";32,5;-0,0844;"21"
12;4;"0";0;4;2;"-1";"1";35,1;0,7664;"21"
13;4;"0";1;4;2;"-1";"-1";29,9;-0,8756;"21"
14;3;"1";0;3;2;"-1";"0";41,4;-0,7833;"21"
15;5;"0";2;5;3;"-1";"1";28,7;-0,3239;"21"
16;3;"1";0;3;2;"-1";"-1";30,6;-0,3402;"21"
17;5;"0";6;5;3;"-1";"0";23,8;-0,6484;"21"
18;3;"1";0;3;2;"-1";"1";40,2;-0,2512;"21"
19;4;"0";2;4;3;"-1";"-1";31,9;-0,0976;"21"
20;4;"0";1;4;3;"-1";"0";40,6;0,8598;"21"
21;4;"1";1;4;2;"-1";"1";33,1;-1,1353;"21"
22;4;"1";0;4;2;"-1";"-1";28;-0,0595;"21"
23;2;"1";0;2;2;"-1";"0";32,4;0,9405;"21"
24;4;"1";0;4;2;"-1";"1";40,8;-2,0442;"21"
25;4;"0";1;4;3;"-1";"-1";33,5;-0,8395;"21"
26;3;"1";0;3;2;"-1";"0";38,9;2,4128;"21"
27;4;"1";1;4;2;"-1";"1";26,8;-0,7662;"21"
28;4;"1";2;4;2;"-1";"-1";30,7;0,2405;"21"
29;4;"0";2;4;3;"-1";"0";33,7;0,5915;"21"
30;3;"1";0;3;2;"-1";"1";39,8;0,3505;"21"
31;5;"0";7;5;3;"1";"-1";42,3;1,0521;"21"
32;4;"0";3;4;3;"1";"0";33,2;0,627;"21"
33;2;"1";1;2;2;"1";"1";32,7;-0,1295;"21"
34;3;"1";0;3;2;"1";"-1";38,2;0,0621;"21"
35;2;"1";0;2;1;"1";"0";35,8;-1,3692;"21"
36;4;"0";1;4;3;"1";"1";43,3;-0,9175;"21"
37;2;"1";0;2;2;"1";"-1";33;0,1571;"21"
38;5;"0";4;5;3;"1";"0";37;-1,0401;"21"
39;3;"1";1;3;2;"1";"1";36,5;0,0571;"21"
40;2;"1";0;2;1;"1";"-1";25,4;-0,1333;"21"
41;3;"1";0;3;2;"1";"0";31,6;-0,4233;"21"
42;2;"1";0;2;2;"1";"1";35,7;-1,0578;"21"
43;5;"0";7;5;3;"1";"-1";43,7;-0,3608;"21"
44;2;"1";0;2;1;"1";"0";33,9;0,7419;"21"
45;2;"1";0;2;1;"1";"1";25,8;-0,1708;"21"
46;3;"1";0;3;2;"1";"-1";32,9;-0,8374;"21"
47;3;"1";0;3;2;"1";"0";33,2;-1,6606;"21"
48;4;"1";2;4;2;"1";"1";34,2;-0,7032;"21"
49;2;"1";0;2;1;"1";"-1";34;-1,745;"21"
50;5;"0";5;5;3;"1";"0";38,1;-0,6935;"21"
51;5;"0";2;5;3;"1";"1";36,5;0,5452;"21"
52;3;"1";1;3;2;"1";"-1";31,6;0,4145;"21"
53;2;"1";0;2;1;"1";"0";29,5;3,3519;"21"
54;4;"1";0;4;2;"1";"1";37,1;2,6465;"21"
55;5;"0";2;5;3;"1";"-1";39,1;-1,0538;"21"
56;3;"1";0;3;2;"1";"0";28,5;0,3969;"21"
57;5;"0";4;5;3;"1";"1";38,4;-0,6956;"21"
58;3;"1";0;3;2;"1";"-1";29,4;0,8164;"21"
59;2;"1";0;2;2;"1";"0";34,6;1,1205;"21"
60;3;"1";1;3;2;"1";"1";31,8;1,3192;"21"
1;4;"0";4;4;2;"-1";"-1";42,3;0,398;"22"
2;3;"0";1;3;2;"-1";"0";32,5;-1,8658;"22"
3;5;"0";13;5;3;"-1";"1";40,9;1,0466;"22"
4;4;"0";2;4;2;"-1";"-1";22,3;1,9563;"22"
5;4;"0";0;4;3;"-1";"0";35,6;0,127;"22"
6;4;"0";1;4;3;"-1";"1";34,6;0,4033;"22"
7;3;"0";2;3;2;"-1";"-1";33,9;1,0992;"22"
8;4;"0";4;4;3;"-1";"0";39,1;0,2522;"22"
9;3;"0";1;3;2;"-1";"1";30,7;-0,6022;"22"
10;4;"0";4;4;3;"-1";"-1";29,8;-0,2364;"22"
11;5;"0";7;5;3;"-1";"0";27,6;-0,5724;"22"
12;2;"1";1;2;2;"-1";"1";36;-0,3057;"22"
13;2;"1";2;2;1;"-1";"-1";39,1;0,6027;"22"
14;5;"0";13;5;3;"-1";"0";32;-1,2582;"22"
15;4;"0";5;4;3;"-1";"1";31,2;0,0373;"22"
16;3;"0";2;3;2;"-1";"-1";34,7;-1,8102;"22"
17;5;"0";13;5;3;"-1";"0";35,5;0,5343;"22"
18;2;"1";2;2;2;"-1";"1";37,4;2,0403;"22"
19;4;"0";2;4;2;"-1";"-1";37,5;0,3518;"22"
20;2;"1";0;2;2;"-1";"0";41,3;-1,0329;"22"
21;4;"0";3;4;3;"-1";"1";28,7;-0,0971;"22"
22;4;"0";4;4;2;"-1";"-1";33,8;-0,8133;"22"
23;2;"1";0;2;1;"-1";"0";41,9;0,2441;"22"
24;3;"1";0;3;2;"-1";"1";25;-0,1109;"22"
25;5;"0";11;5;3;"-1";"-1";30,5;0,3372;"22"
26;4;"0";3;4;3;"-1";"0";37,5;-1,4647;"22"
27;2;"1";1;2;1;"-1";"1";40,1;-0,0082;"22"
28;2;"1";0;2;1;"-1";"-1";33,2;0,3887;"22"
29;4;"0";5;4;2;"-1";"0";29,2;-1,4415;"22"
30;4;"0";5;4;3;"-1";"1";30;-1,5706;"22"
31;1;"1";0;1;1;"1";"-1";37,7;1,8641;"22"
32;2;"1";1;2;2;"1";"0";33,5;0,28;"22"
33;2;"1";0;2;1;"1";"1";28,6;-0,7708;"22"
34;2;"1";0;2;1;"1";"-1";32,7;-0,2099;"22"
35;5;"0";10;5;3;"1";"0";37,5;0,8973;"22"
36;2;"1";0;2;1;"1";"1";28,9;-1,076;"22"
37;4;"0";2;4;2;"1";"-1";33,2;-0,5398;"22"
38;3;"0";3;3;2;"1";"0";32,3;-1,2468;"22"
39;2;"1";1;2;1;"1";"1";40;-0,5119;"22"
40;3;"0";0;3;2;"1";"-1";25,5;-0,3018;"22"
41;3;"0";4;3;2;"1";"0";38,4;1,1018;"22"
42;2;"1";1;2;1;"1";"1";44,4;-0,3124;"22"
43;4;"0";1;4;2;"1";"-1";41;-1,2992;"22"
44;4;"0";4;4;3;"1";"0";37;-0,477;"22"
45;2;"1";1;2;2;"1";"1";38,8;0,5217;"22"
46;2;"1";0;2;2;"1";"-1";37,3;4e-04;"22"
47;3;"0";0;3;2;"1";"0";32,9;-0,9538;"22"
48;1;"1";0;1;1;"1";"1";28,9;0,4657;"22"
49;1;"1";0;1;1;"1";"-1";33,3;-1,0619;"22"
50;5;"0";17;5;3;"1";"0";39,9;-0,5674;"22"
51;2;"1";1;2;1;"1";"1";41,8;-1,3007;"22"
52;2;"1";1;2;2;"1";"-1";36,8;-0,0824;"22"
53;2;"1";0;2;1;"1";"0";34,6;-0,9746;"22"
54;1;"1";0;1;1;"1";"1";36,3;-0,7403;"22"
55;2;"1";0;2;2;"1";"-1";36;-0,436;"22"
56;3;"0";2;3;2;"1";"0";32,5;0,5835;"22"
57;4;"0";0;4;2;"1";"1";29,4;-1,1611;"22"
58;3;"0";1;3;2;"1";"-1";43,6;0,9604;"22"
59;1;"1";0;1;1;"1";"0";25,7;-1,329;"22"
60;4;"0";3;4;3;"1";"1";31,4;0,1729;"22"
1;1;"1";0;1;1;"-1";"-1";40,7;0,487;"23"
2;3;"1";0;3;2;"-1";"0";36,5;0,3238;"23"
3;2;"1";0;2;1;"-1";"1";38,1;-0,6492;"23"
4;1;"1";0;1;1;"-1";"-1";43,7;1,3308;"23"
5;1;"1";0;1;1;"-1";"0";30,2;-0,6528;"23"
6;1;"1";0;1;1;"-1";"1";45;1,1523;"23"
7;3;"0";1;3;2;"-1";"-1";36,8;0,2644;"23"
8;2;"1";0;2;2;"-1";"0";22,8;-1,1221;"23"
9;2;"1";0;2;1;"-1";"1";30,9;-1,5985;"23"
10;2;"1";1;2;2;"-1";"-1";37;0,2458;"23"
11;2;"1";1;2;2;"-1";"0";24,4;0,9629;"23"
12;2;"1";0;2;1;"-1";"1";36,1;0,7228;"23"
13;3;"0";1;3;2;"-1";"-1";31,9;-0,6835;"23"
14;2;"1";1;2;1;"-1";"0";40;-0,7638;"23"
15;1;"1";0;1;1;"-1";"1";34,5;1,4424;"23"
16;2;"1";1;2;2;"-1";"-1";32,7;-0,2587;"23"
17;1;"1";0;1;1;"-1";"0";32;0,4148;"23"
18;1;"1";0;1;1;"-1";"1";34,6;-0,1799;"23"
19;2;"1";0;2;1;"-1";"-1";46,8;-0,3989;"23"
20;1;"1";0;1;1;"-1";"0";39,5;0,3771;"23"
21;2;"1";0;2;1;"-1";"1";39,2;-1,4181;"23"
22;2;"1";1;2;1;"-1";"-1";39,2;2,3643;"23"
23;2;"1";2;2;1;"-1";"0";36,9;-1,7277;"23"
24;2;"1";1;2;1;"-1";"1";26,3;1,2212;"23"
25;1;"1";0;1;1;"-1";"-1";36,4;2,1129;"23"
26;1;"1";0;1;1;"-1";"0";36,3;0,6366;"23"
27;3;"0";0;3;2;"-1";"1";26,6;0,5529;"23"
28;2;"1";1;2;2;"-1";"-1";38,7;-1,1522;"23"
29;2;"1";0;2;1;"-1";"0";31,4;-1,7776;"23"
30;3;"1";0;3;2;"-1";"1";40,4;-0,6204;"23"
31;5;"0";43;5;3;"1";"-1";43,6;0,2926;"23"
32;3;"0";2;3;2;"1";"0";31;0,5561;"23"
33;4;"0";2;4;2;"1";"1";36,7;2,0912;"23"
34;5;"0";20;5;3;"1";"-1";38,5;0,1982;"23"
35;4;"0";6;4;3;"1";"0";34,2;1,1069;"23"
36;2;"1";0;2;1;"1";"1";31,9;0,2426;"23"
37;4;"0";6;4;3;"1";"-1";37,5;0,4086;"23"
38;3;"0";3;3;2;"1";"0";35,9;-0,8632;"23"
39;4;"0";5;4;3;"1";"1";36,9;-1,0324;"23"
40;4;"0";5;4;3;"1";"-1";36,2;0,3236;"23"
41;4;"0";3;4;3;"1";"0";43,5;-1,5651;"23"
42;5;"0";6;5;3;"1";"1";37,3;0,0903;"23"
43;4;"0";9;4;3;"1";"-1";30,8;0,0144;"23"
44;4;"0";7;4;3;"1";"0";39,5;0,114;"23"
45;5;"0";26;5;3;"1";"1";27,2;0,1936;"23"
46;2;"1";2;2;2;"1";"-1";38,4;0,1626;"23"
47;4;"0";5;4;3;"1";"0";29,8;0,9537;"23"
48;3;"0";1;3;2;"1";"1";34,4;-1,317;"23"
49;4;"0";6;4;3;"1";"-1";34,9;1,1022;"23"
50;5;"0";11;5;3;"1";"0";39,5;-0,6129;"23"
51;4;"0";5;4;3;"1";"1";36,6;0,2797;"23"
52;3;"1";0;3;2;"1";"-1";29,7;1,698;"23"
53;4;"0";8;4;3;"1";"0";40,5;-1,2549;"23"
54;4;"0";6;4;3;"1";"1";30;-0,6297;"23"
55;4;"0";5;4;2;"1";"-1";33,9;1,7346;"23"
56;4;"0";11;4;3;"1";"0";34,4;-1,415;"23"
57;3;"0";1;3;2;"1";"1";38,9;0,533;"23"
58;4;"0";3;4;2;"1";"-1";41,1;-0,8488;"23"
59;3;"0";3;3;2;"1";"0";32,5;1,5588;"23"
60;5;"0";15;5;3;"1";"1";33,8;-0,4402;"23"
1;1;"1";0;1;1;"-1";"-1";36,1;-0,072;"24"
2;4;"0";0;4;2;"-1";"0";35,3;-0,4475;"24"
3;1;"1";0;1;1;"-1";"1";38,3;-0,4937;"24"
4;3;"0";2;3;2;"-1";"-1";31,6;0,3712;"24"
5;3;"0";1;3;2;"-1";"0";33,1;-0,6618;"24"
6;2;"1";0;2;2;"-1";"1";30,6;-1,3489;"24"
7;3;"0";0;3;2;"-1";"-1";35,2;0,6067;"24"
8;4;"0";4;4;2;"-1";"0";29,1;0,2986;"24"
9;4;"0";1;4;2;"-1";"1";29,6;0,3825;"24"
10;3;"0";1;3;2;"-1";"-1";36,9;-1,1553;"24"
11;2;"1";2;2;1;"-1";"0";32;0,4595;"24"
12;3;"0";2;3;2;"-1";"1";41,8;1,8093;"24"
13;4;"0";2;4;2;"-1";"-1";32,4;0,5883;"24"
14;2;"1";1;2;2;"-1";"0";34,9;1,2116;"24"
15;4;"0";3;4;3;"-1";"1";29,5;-0,2215;"24"
16;3;"0";1;3;2;"-1";"-1";24,7;1,1613;"24"
17;2;"1";1;2;1;"-1";"0";42,7;1,7434;"24"
18;2;"1";0;2;1;"-1";"1";40,2;2,064;"24"
19;2;"1";1;2;2;"-1";"-1";32,8;1,0529;"24"
20;3;"0";0;3;2;"-1";"0";33,3;-0,0085;"24"
21;2;"1";0;2;2;"-1";"1";40,5;-1,053;"24"
22;3;"0";1;3;2;"-1";"-1";39;-1,7542;"24"
23;2;"1";2;2;1;"-1";"0";32,9;0,2752;"24"
24;3;"0";2;3;2;"-1";"1";26,7;1,3431;"24"
25;1;"1";0;1;1;"-1";"-1";40,6;1,1065;"24"
26;4;"0";4;4;3;"-1";"0";31,2;0,1998;"24"
27;3;"0";1;3;2;"-1";"1";39,3;-0,4082;"24"
28;3;"0";2;3;2;"-1";"-1";28,7;0,7735;"24"
29;2;"1";0;2;2;"-1";"0";37,6;-0,8878;"24"
30;2;"1";1;2;1;"-1";"1";28,1;0,7531;"24"
31;5;"0";7;5;3;"1";"-1";48,7;-0,6777;"24"
32;1;"1";0;1;1;"1";"0";34,8;-1,5394;"24"
33;2;"1";0;2;1;"1";"1";35,7;1,7647;"24"
34;4;"0";4;4;3;"1";"-1";37,2;-0,8542;"24"
35;3;"0";2;3;2;"1";"0";34,3;-0,525;"24"
36;4;"0";2;4;3;"1";"1";39;-1,6233;"24"
37;1;"1";0;1;1;"1";"-1";32,7;-0,0691;"24"
38;3;"0";3;3;2;"1";"0";41,6;-0,6294;"24"
39;3;"0";1;3;2;"1";"1";38,6;-0,7854;"24"
40;3;"0";2;3;2;"1";"-1";38;1,4841;"24"
41;3;"0";1;3;2;"1";"0";38;-0,7852;"24"
42;4;"0";5;4;2;"1";"1";30,5;-1,6159;"24"
43;1;"1";0;1;1;"1";"-1";33,2;0,089;"24"
44;4;"0";2;4;2;"1";"0";42,5;0,9911;"24"
45;3;"0";0;3;2;"1";"1";29,5;1,9314;"24"
46;3;"0";3;3;2;"1";"-1";36;-0,7465;"24"
47;3;"0";2;3;2;"1";"0";36,2;-0,8371;"24"
48;4;"0";3;4;3;"1";"1";36,6;1,2901;"24"
49;4;"0";4;4;2;"1";"-1";27,7;0,5833;"24"
50;4;"0";3;4;2;"1";"0";39;0,4735;"24"
51;3;"1";3;3;2;"1";"1";40,6;-1,5622;"24"
52;4;"0";7;4;3;"1";"-1";39,3;-0,4272;"24"
53;2;"1";1;2;1;"1";"0";28;-0,0915;"24"
54;2;"1";1;2;2;"1";"1";29,3;-0,2779;"24"
55;5;"0";13;5;3;"1";"-1";38,8;-2,3432;"24"
56;1;"1";0;1;1;"1";"0";28,6;0,4958;"24"
57;3;"0";2;3;2;"1";"1";23,8;0,3794;"24"
58;2;"1";2;2;1;"1";"-1";34,5;-1,7786;"24"
59;2;"1";0;2;2;"1";"0";31,9;0,3019;"24"
60;5;"0";9;5;3;"1";"1";34,3;-0,5496;"24"
1;3;"1";1;3;2;"-1";"-1";41;0,6828;"25"
2;2;"1";1;2;1;"-1";"0";41,3;0,4768;"25"
3;1;"1";0;1;1;"-1";"1";43;-2,4465;"25"
4;4;"0";4;4;3;"-1";"-1";40,1;-1,1259;"25"
5;4;"0";4;4;3;"-1";"0";27,8;-0,8779;"25"
6;3;"1";2;3;2;"-1";"1";32,1;-1,3103;"25"
7;4;"0";0;4;2;"-1";"-1";42,9;-1,4005;"25"
8;3;"0";4;3;2;"-1";"0";29,4;1,7074;"25"
9;2;"1";1;2;1;"-1";"1";46,6;-1,1466;"25"
10;1;"1";0;1;1;"-1";"-1";43,8;0,1416;"25"
11;2;"1";1;2;1;"-1";"0";35,2;0,6905;"25"
12;3;"0";0;3;2;"-1";"1";25,4;-1,3496;"25"
13;4;"0";3;4;2;"-1";"-1";38,6;-0,3583;"25"
14;3;"0";0;3;2;"-1";"0";32,7;-0,3437;"25"
15;1;"1";0;1;1;"-1";"1";35,1;-1,0813;"25"
16;1;"1";0;1;1;"-1";"-1";23,1;-2,2604;"25"
17;2;"1";0;2;1;"-1";"0";44,6;-0,6473;"25"
18;3;"1";0;3;2;"-1";"1";36,1;-0,5068;"25"
19;3;"1";2;3;2;"-1";"-1";34,4;1,1467;"25"
20;4;"0";4;4;3;"-1";"0";41;0,2142;"25"
21;3;"0";1;3;2;"-1";"1";27,9;0,9719;"25"
22;3;"1";2;3;2;"-1";"-1";43;0,3559;"25"
23;2;"1";0;2;2;"-1";"0";34,3;1,4416;"25"
24;2;"1";1;2;1;"-1";"1";29,5;-0,2253;"25"
25;2;"1";0;2;2;"-1";"-1";40,4;-1,611;"25"
26;3;"1";1;3;2;"-1";"0";24,1;0,2035;"25"
27;3;"1";0;3;2;"-1";"1";37;-1,3073;"25"
28;3;"1";0;3;2;"-1";"-1";33,5;-2,1132;"25"
29;4;"0";3;4;3;"-1";"0";34,9;0,3996;"25"
30;3;"1";1;3;2;"-1";"1";33,8;-0,5192;"25"
31;1;"1";0;1;1;"1";"-1";33,8;-0,7296;"25"
32;4;"0";3;4;3;"1";"0";41,7;1,2845;"25"
33;3;"0";0;3;2;"1";"1";42,5;0,8243;"25"
34;2;"1";0;2;1;"1";"-1";35,9;-2,6726;"25"
35;2;"1";0;2;2;"1";"0";30,6;1,2137;"25"
36;5;"0";14;5;3;"1";"1";39,5;-0,6178;"25"
37;3;"1";1;3;2;"1";"-1";36,7;0,9015;"25"
38;4;"0";0;4;2;"1";"0";36,8;-0,2143;"25"
39;3;"0";1;3;2;"1";"1";37,3;1,325;"25"
40;3;"1";2;3;2;"1";"-1";33,2;1,854;"25"
41;3;"1";1;3;2;"1";"0";36,4;0,6365;"25"
42;3;"1";0;3;2;"1";"1";35,6;0,0301;"25"
43;4;"0";3;4;2;"1";"-1";37,7;-0,0063;"25"
44;4;"0";6;4;3;"1";"0";34,5;-0,5424;"25"
45;3;"1";1;3;2;"1";"1";34,9;-1,7712;"25"
46;1;"1";1;1;1;"1";"-1";33,9;-0,8582;"25"
47;3;"1";1;3;2;"1";"0";37;-0,5881;"25"
48;3;"1";3;3;2;"1";"1";37;-1,2465;"25"
49;2;"1";1;2;1;"1";"-1";36,6;-0,7881;"25"
50;4;"0";6;4;3;"1";"0";34,7;-1,0188;"25"
51;4;"0";2;4;3;"1";"1";35,9;0,5188;"25"
52;4;"0";2;4;3;"1";"-1";36,4;0,445;"25"
53;4;"0";3;4;3;"1";"0";36,6;-2,7306;"25"
54;4;"0";1;4;2;"1";"1";41,3;0,8155;"25"
55;3;"1";1;3;2;"1";"-1";37,7;-1,6236;"25"
56;1;"1";0;1;1;"1";"0";28,5;-1,0078;"25"
57;5;"0";6;5;3;"1";"1";41,2;1,4669;"25"
58;4;"0";3;4;3;"1";"-1";37;-0,2498;"25"
59;2;"1";0;2;1;"1";"0";32,3;-0,5978;"25"
60;3;"1";0;3;2;"1";"1";35,9;-1,178;"25"
1;2;"1";1;2;1;"-1";"-1";36,7;-0,3831;"26"
2;5;"0";11;5;3;"-1";"0";36,1;0,1631;"26"
3;3;"0";1;3;2;"-1";"1";34,9;1,0216;"26"
4;4;"0";0;4;2;"-1";"-1";44,1;0,5716;"26"
5;3;"1";0;3;2;"-1";"0";30,1;-2,4708;"26"
6;4;"0";4;4;3;"-1";"1";37,5;0,6467;"26"
7;2;"1";0;2;2;"-1";"-1";38,3;-2,5292;"26"
8;1;"1";0;1;1;"-1";"0";36,3;0,245;"26"
9;3;"1";2;3;2;"-1";"1";36,7;0,7476;"26"
10;3;"0";0;3;2;"-1";"-1";18,8;-1,1944;"26"
11;1;"1";0;1;1;"-1";"0";41,2;-1,0018;"26"
12;3;"0";1;3;2;"-1";"1";36,7;0,148;"26"
13;3;"0";1;3;2;"-1";"-1";26,1;-1,5711;"26"
14;4;"0";4;4;3;"-1";"0";27,7;1,3674;"26"
15;4;"0";4;4;2;"-1";"1";44,3;0,9371;"26"
16;4;"0";2;4;3;"-1";"-1";31,8;-1,0852;"26"
17;5;"0";15;5;3;"-1";"0";26,5;-0,4227;"26"
18;3;"0";0;3;2;"-1";"1";32,3;0,3321;"26"
19;3;"0";1;3;2;"-1";"-1";30,3;1,0173;"26"
20;2;"1";0;2;2;"-1";"0";34,4;0,8758;"26"
21;3;"1";1;3;2;"-1";"1";34,6;2,0154;"26"
22;4;"0";4;4;2;"-1";"-1";36,3;-0,1103;"26"
23;3;"1";0;3;2;"-1";"0";30,9;-0,7;"26"
24;3;"1";1;3;2;"-1";"1";39,2;-0,2134;"26"
25;2;"1";0;2;2;"-1";"-1";36,1;-0,4123;"26"
26;3;"1";2;3;2;"-1";"0";31,8;-0,5187;"26"
27;3;"0";4;3;2;"-1";"1";34,9;-0,4269;"26"
28;3;"0";1;3;2;"-1";"-1";36,7;0,9965;"26"
29;4;"0";1;4;2;"-1";"0";30,8;0,4405;"26"
30;4;"0";3;4;3;"-1";"1";33,5;-0,4786;"26"
31;2;"1";0;2;1;"1";"-1";32,4;0,6922;"26"
32;3;"1";3;3;2;"1";"0";36,8;-1,0789;"26"
33;3;"0";1;3;2;"1";"1";38,1;0,5702;"26"
34;1;"1";0;1;1;"1";"-1";39,5;1,8771;"26"
35;2;"1";1;2;2;"1";"0";32,7;-0,7611;"26"
36;2;"1";0;2;2;"1";"1";34,1;-0,1131;"26"
37;2;"1";0;2;2;"1";"-1";35,4;0,4557;"26"
38;1;"1";0;1;1;"1";"0";34;-0,1267;"26"
39;1;"1";0;1;1;"1";"1";29,4;-1,0682;"26"
40;1;"1";0;1;1;"1";"-1";22,8;-0,0171;"26"
41;4;"0";3;4;3;"1";"0";32,6;-0,2252;"26"
42;3;"0";1;3;2;"1";"1";34,1;0,1251;"26"
43;1;"1";0;1;1;"1";"-1";42,7;1,4978;"26"
44;2;"1";0;2;1;"1";"0";30,4;0,6391;"26"
45;3;"0";0;3;2;"1";"1";40,5;0,3766;"26"
46;1;"1";0;1;1;"1";"-1";27,6;0,4487;"26"
47;3;"0";1;3;2;"1";"0";39,8;-0,235;"26"
48;1;"1";0;1;1;"1";"1";30,1;-0,0056;"26"
49;3;"0";1;3;2;"1";"-1";37,9;-0,19;"26"
50;3;"0";0;3;2;"1";"0";38,3;0,8854;"26"
51;1;"1";1;1;1;"1";"1";33,4;-0,7103;"26"
52;1;"1";0;1;1;"1";"-1";35;-0,4874;"26"
53;4;"0";3;4;3;"1";"0";44;0,1815;"26"
54;3;"0";0;3;2;"1";"1";33,5;0,8698;"26"
55;2;"1";1;2;1;"1";"-1";27,1;0,1806;"26"
56;1;"1";0;1;1;"1";"0";27,5;0,5228;"26"
57;3;"0";2;3;2;"1";"1";34,3;-0,6239;"26"
58;3;"0";2;3;2;"1";"-1";35,6;-0,3433;"26"
59;4;"0";5;4;3;"1";"0";34,6;0,4498;"26"
60;2;"1";0;2;1;"1";"1";35,7;0,5741;"26"
1;1;"1";0;1;1;"-1";"-1";41,9;-0,8492;"27"
2;4;"0";3;4;3;"-1";"0";30,4;-1,108;"27"
3;2;"1";0;2;1;"-1";"1";30,9;-2,057;"27"
4;2;"1";0;2;1;"-1";"-1";37,3;-0,6371;"27"
5;2;"1";2;2;2;"-1";"0";39,9;0,9694;"27"
6;3;"1";2;3;2;"-1";"1";31,7;-0,8444;"27"
7;4;"0";2;4;3;"-1";"-1";36,2;-1,4825;"27"
8;3;"0";0;3;2;"-1";"0";34,6;0,3392;"27"
9;2;"1";2;2;1;"-1";"1";29,2;1,4776;"27"
10;3;"1";3;3;2;"-1";"-1";34,3;-0,7502;"27"
11;3;"1";1;3;2;"-1";"0";33,1;-1,8874;"27"
12;2;"1";0;2;1;"-1";"1";45,6;-1,326;"27"
13;3;"0";1;3;2;"-1";"-1";38,3;0,628;"27"
14;2;"1";2;2;2;"-1";"0";32,4;0,5851;"27"
15;2;"1";1;2;1;"-1";"1";28,3;0,8414;"27"
16;2;"1";1;2;2;"-1";"-1";42,6;0,184;"27"
17;3;"0";0;3;2;"-1";"0";41,5;-0,4699;"27"
18;2;"1";0;2;1;"-1";"1";29,2;1,4978;"27"
19;3;"1";0;3;2;"-1";"-1";37,5;0,3136;"27"
20;2;"1";4;2;2;"-1";"0";38,7;1,6531;"27"
21;3;"0";4;3;2;"-1";"1";43,2;-0,957;"27"
22;4;"0";2;4;2;"-1";"-1";36,6;-0,4414;"27"
23;5;"0";5;5;3;"-1";"0";29,3;-0,013;"27"
24;3;"1";1;3;2;"-1";"1";33;-0,676;"27"
25;2;"1";1;2;2;"-1";"-1";38;1,6196;"27"
26;2;"1";0;2;1;"-1";"0";30,2;0,3973;"27"
27;3;"0";0;3;2;"-1";"1";38,7;-0,6821;"27"
28;3;"1";0;3;2;"-1";"-1";36,7;-1,3491;"27"
29;1;"1";0;1;1;"-1";"0";33,9;-0,072;"27"
30;5;"0";14;5;3;"-1";"1";39,5;0,5228;"27"
31;4;"0";1;4;2;"1";"-1";42,7;-0,8174;"27"
32;2;"1";1;2;1;"1";"0";37,7;-0,9245;"27"
33;1;"1";0;1;1;"1";"1";34,2;-0,9385;"27"
34;1;"1";0;1;1;"1";"-1";34,6;-0,7606;"27"
35;2;"1";0;2;1;"1";"0";36,3;-1,0191;"27"
36;1;"1";0;1;1;"1";"1";33;0,4015;"27"
37;4;"0";4;4;2;"1";"-1";38,7;-0,774;"27"
38;3;"0";4;3;2;"1";"0";34,7;-0,5018;"27"
39;5;"0";8;5;3;"1";"1";39,3;1,4788;"27"
40;3;"0";1;3;2;"1";"-1";32,1;1,7761;"27"
41;3;"0";1;3;2;"1";"0";40,2;1,1743;"27"
42;2;"1";0;2;1;"1";"1";36,4;2,1196;"27"
43;4;"0";5;4;3;"1";"-1";45,2;-0,7356;"27"
44;2;"1";0;2;1;"1";"0";25,1;1,5014;"27"
45;2;"1";0;2;1;"1";"1";37,1;-0,9482;"27"
46;2;"1";0;2;1;"1";"-1";40,9;-0,8246;"27"
47;2;"1";1;2;1;"1";"0";26,2;0,6829;"27"
48;1;"1";0;1;1;"1";"1";32,7;1,2719;"27"
49;4;"0";2;4;3;"1";"-1";37;-0,5116;"27"
50;1;"1";0;1;1;"1";"0";25,7;0,1214;"27"
51;3;"1";1;3;2;"1";"1";30,9;0,2026;"27"
52;2;"1";0;2;2;"1";"-1";36,8;-0,3879;"27"
53;1;"1";0;1;1;"1";"0";36,9;-1,0085;"27"
54;3;"0";1;3;2;"1";"1";33,1;0,0152;"27"
55;2;"1";1;2;2;"1";"-1";37,9;-1,419;"27"
56;2;"1";0;2;1;"1";"0";27,1;0,641;"27"
57;1;"1";0;1;1;"1";"1";33,4;0,5943;"27"
58;2;"1";0;2;2;"1";"-1";38,7;-1,5555;"27"
59;3;"0";1;3;2;"1";"0";47,5;-0,8032;"27"
60;2;"1";0;2;2;"1";"1";33,6;-1,9217;"27"
1;2;"1";1;2;1;"-1";"-1";34,7;-0,3909;"28"
2;4;"0";0;4;2;"-1";"0";40,3;1,0324;"28"
3;3;"1";0;3;2;"-1";"1";35,9;-2,0118;"28"
4;3;"1";0;3;2;"-1";"-1";38,5;-1,181;"28"
5;4;"0";0;4;2;"-1";"0";36,1;-0,327;"28"
6;3;"1";1;3;2;"-1";"1";43,7;1,0815;"28"
7;2;"1";0;2;1;"-1";"-1";39,1;1,695;"28"
8;4;"0";2;4;3;"-1";"0";33,1;-0,4937;"28"
9;3;"1";0;3;2;"-1";"1";39,1;0,0869;"28"
10;1;"1";0;1;1;"-1";"-1";36,4;1,5515;"28"
11;1;"1";0;1;1;"-1";"0";37,6;0,4836;"28"
12;2;"1";0;2;1;"-1";"1";30,5;0,1728;"28"
13;3;"1";1;3;2;"-1";"-1";36,4;-0,704;"28"
14;3;"0";0;3;2;"-1";"0";41,7;-1,6029;"28"
15;4;"0";4;4;3;"-1";"1";29,7;-0,398;"28"
16;3;"1";2;3;2;"-1";"-1";35;-0,3174;"28"
17;3;"1";0;3;2;"-1";"0";41,8;0,74;"28"
18;3;"1";0;3;2;"-1";"1";39,8;0,6667;"28"
19;5;"0";6;5;3;"-1";"-1";34,4;-0,4629;"28"
20;4;"0";1;4;2;"-1";"0";34,4;0,0383;"28"
21;4;"0";2;4;2;"-1";"1";38,3;-0,8911;"28"
22;5;"0";4;5;3;"-1";"-1";33,5;0,87;"28"
23;2;"1";1;2;1;"-1";"0";36,1;-1,8558;"28"
24;3;"1";0;3;2;"-1";"1";33,2;0,7781;"28"
25;3;"1";0;3;2;"-1";"-1";37;0,5357;"28"
26;3;"1";0;3;2;"-1";"0";33,8;-0,4737;"28"
27;3;"1";0;3;2;"-1";"1";30,4;1,4852;"28"
28;4;"0";1;4;3;"-1";"-1";32,9;1,928;"28"
29;2;"1";0;2;1;"-1";"0";34,9;0,5257;"28"
30;2;"1";0;2;1;"-1";"1";33;2,4065;"28"
31;2;"1";0;2;2;"1";"-1";30;0,9253;"28"
32;3;"1";1;3;2;"1";"0";38,3;0,5254;"28"
33;3;"1";1;3;2;"1";"1";32,7;-0,8335;"28"
34;2;"1";0;2;1;"1";"-1";29,1;-0,157;"28"
35;3;"1";0;3;2;"1";"0";33;-0,5596;"28"
36;2;"1";0;2;1;"1";"1";34,6;1,0824;"28"
37;2;"1";0;2;2;"1";"-1";43,1;0,6814;"28"
38;1;"1";0;1;1;"1";"0";29,6;-2,2279;"28"
39;3;"1";0;3;2;"1";"1";26,3;1,3746;"28"
40;3;"1";1;3;2;"1";"-1";33,4;-0,1674;"28"
41;1;"1";0;1;1;"1";"0";35,2;-0,8646;"28"
42;4;"0";4;4;3;"1";"1";43,6;-0,6098;"28"
43;4;"0";2;4;2;"1";"-1";29,9;-0,4267;"28"
44;3;"1";0;3;2;"1";"0";19,8;-0,8039;"28"
45;2;"1";1;2;1;"1";"1";24,2;0,3448;"28"
46;3;"0";2;3;2;"1";"-1";38,2;-1,5184;"28"
47;5;"0";3;5;3;"1";"0";33;0,182;"28"
48;3;"1";2;3;2;"1";"1";31,9;-1,0294;"28"
49;3;"1";1;3;2;"1";"-1";35,7;-1,373;"28"
50;2;"1";0;2;2;"1";"0";42,3;-1,0085;"28"
51;5;"0";4;5;3;"1";"1";38,5;-1,1654;"28"
52;2;"1";0;2;2;"1";"-1";25,8;1,0045;"28"
53;3;"1";1;3;2;"1";"0";42;0,9536;"28"
54;4;"0";1;4;3;"1";"1";31,6;0,7751;"28"
55;3;"1";0;3;2;"1";"-1";40,6;1,1256;"28"
56;4;"0";5;4;2;"1";"0";28,1;0,4114;"28"
57;3;"1";1;3;2;"1";"1";35,1;-0,8033;"28"
58;5;"0";1;5;3;"1";"-1";42,4;0,6935;"28"
59;3;"1";0;3;2;"1";"0";35,9;-0,2054;"28"
60;5;"0";2;5;3;"1";"1";39,2;0,3197;"28"
1;3;"0";2;3;2;"-1";"-1";28,6;0,9201;"29"
2;1;"1";0;1;1;"-1";"0";24,7;-1,0558;"29"
3;1;"1";0;1;1;"-1";"1";32,3;-0,3312;"29"
4;1;"1";0;1;1;"-1";"-1";41,1;0,3274;"29"
5;3;"1";1;3;2;"-1";"0";32,7;1,0271;"29"
6;1;"1";0;1;1;"-1";"1";37,9;-0,2181;"29"
7;3;"0";1;3;2;"-1";"-1";26,2;-1,3722;"29"
8;1;"1";0;1;1;"-1";"0";43,7;0,2882;"29"
9;2;"1";0;2;1;"-1";"1";31,5;-1,6727;"29"
10;1;"1";0;1;1;"-1";"-1";30,2;0,0012;"29"
11;3;"0";1;3;2;"-1";"0";40,9;0,4473;"29"
12;2;"1";0;2;2;"-1";"1";30,6;-1,0169;"29"
13;3;"1";2;3;2;"-1";"-1";30,8;-0,5553;"29"
14;2;"1";0;2;1;"-1";"0";40,3;0,4289;"29"
15;1;"1";0;1;1;"-1";"1";30,3;1,4185;"29"
16;2;"1";1;2;2;"-1";"-1";41,2;0,0561;"29"
17;1;"1";0;1;1;"-1";"0";35,9;0,2348;"29"
18;1;"1";0;1;1;"-1";"1";28,7;-1,1849;"29"
19;3;"1";0;3;2;"-1";"-1";34,7;-0,9186;"29"
20;1;"1";0;1;1;"-1";"0";36,9;-0,3683;"29"
21;1;"1";0;1;1;"-1";"1";35,6;1,2624;"29"
22;3;"0";2;3;2;"-1";"-1";29;1,1945;"29"
23;2;"1";1;2;2;"-1";"0";27,4;-0,2009;"29"
24;1;"1";0;1;1;"-1";"1";31,3;2,2295;"29"
25;4;"0";0;4;2;"-1";"-1";29,3;-1,6945;"29"
26;3;"1";1;3;2;"-1";"0";39,2;1,1716;"29"
27;3;"0";1;3;2;"-1";"1";33,2;0,1209;"29"
28;2;"1";0;2;1;"-1";"-1";36,8;0,6456;"29"
29;2;"1";1;2;1;"-1";"0";29,4;-0,5774;"29"
30;2;"1";0;2;2;"-1";"1";35,2;-0,0917;"29"
31;4;"0";0;4;2;"1";"-1";38,4;1,1759;"29"
32;3;"1";0;3;2;"1";"0";33,8;-0,4699;"29"
33;2;"1";0;2;2;"1";"1";36,3;-0,1699;"29"
34;4;"0";2;4;2;"1";"-1";43,4;-0,6532;"29"
35;3;"1";1;3;2;"1";"0";31,7;0,9553;"29"
36;3;"0";1;3;2;"1";"1";42,9;-0,1445;"29"
37;3;"1";4;3;2;"1";"-1";36,5;1,4379;"29"
38;3;"0";2;3;2;"1";"0";43,9;2,3365;"29"
39;2;"1";0;2;1;"1";"1";27,5;2,0625;"29"
40;3;"1";4;3;2;"1";"-1";34,4;0,1405;"29"
41;4;"0";1;4;2;"1";"0";34,7;-0,5086;"29"
42;3;"1";0;3;2;"1";"1";35,6;0,9551;"29"
43;3;"1";1;3;2;"1";"-1";37,4;0,6774;"29"
44;4;"0";2;4;3;"1";"0";37,6;-0,4176;"29"
45;3;"0";3;3;2;"1";"1";36,1;0,2012;"29"
46;5;"0";16;5;3;"1";"-1";36,3;-1,1462;"29"
47;3;"0";1;3;2;"1";"0";29,9;-0,1551;"29"
48;2;"1";1;2;1;"1";"1";33,1;0,9607;"29"
49;2;"1";2;2;2;"1";"-1";31,9;-0,8592;"29"
50;2;"1";1;2;1;"1";"0";32,4;0,4225;"29"
51;4;"0";2;4;2;"1";"1";31,2;-2,3641;"29"
52;4;"0";2;4;2;"1";"-1";34,7;-0,9133;"29"
53;3;"1";0;3;2;"1";"0";34,4;0,1064;"29"
54;3;"1";1;3;2;"1";"1";37;0,2081;"29"
55;3;"0";0;3;2;"1";"-1";31,1;0,6682;"29"
56;3;"0";0;3;2;"1";"0";40,5;2,0078;"29"
57;4;"0";2;4;2;"1";"1";41,4;0,9071;"29"
58;5;"0";25;5;3;"1";"-1";43,9;-1,0362;"29"
59;3;"0";0;3;2;"1";"0";37,7;-1,3947;"29"
60;2;"1";0;2;1;"1";"1";23,1;0,6609;"29"
1;3;"1";2;3;2;"-1";"-1";37,1;-0,2674;"30"
2;4;"0";2;4;3;"-1";"0";29,5;-0,9595;"30"
3;2;"1";0;2;2;"-1";"1";31,9;-1,3685;"30"
4;2;"1";0;2;1;"-1";"-1";40,9;1,3285;"30"
5;3;"0";1;3;2;"-1";"0";30,8;-1,2799;"30"
6;2;"1";0;2;2;"-1";"1";43;-1,2014;"30"
7;1;"1";0;1;1;"-1";"-1";29,4;-0,2609;"30"
8;2;"1";0;2;1;"-1";"0";40,3;0,4759;"30"
9;2;"1";2;2;2;"-1";"1";31,5;-1,2169;"30"
10;2;"1";0;2;2;"-1";"-1";36,3;-0,5047;"30"
11;3;"1";0;3;2;"-1";"0";28,6;-1,2358;"30"
12;1;"1";1;1;1;"-1";"1";34,3;0,3994;"30"
13;3;"0";1;3;2;"-1";"-1";37,9;0,6721;"30"
14;1;"1";0;1;1;"-1";"0";31,7;-1,1135;"30"
15;4;"0";5;4;3;"-1";"1";36,2;0,3572;"30"
16;1;"1";0;1;1;"-1";"-1";35,2;-0,5949;"30"
17;4;"0";4;4;3;"-1";"0";29;-0,0695;"30"
18;3;"0";3;3;2;"-1";"1";33,3;0,9149;"30"
19;5;"0";8;5;3;"-1";"-1";31,3;0,5595;"30"
20;3;"1";0;3;2;"-1";"0";30,8;-1,0734;"30"
21;2;"1";0;2;2;"-1";"1";39,5;-0,3831;"30"
22;2;"1";0;2;2;"-1";"-1";28,3;-0,2037;"30"
23;2;"1";0;2;2;"-1";"0";23,9;-0,1002;"30"
24;3;"0";2;3;2;"-1";"1";37;1,5028;"30"
25;3;"1";1;3;2;"-1";"-1";34,8;-0,9009;"30"
26;3;"1";0;3;2;"-1";"0";29,6;0,5757;"30"
27;4;"0";1;4;2;"-1";"1";32,1;0,4497;"30"
28;2;"1";1;2;2;"-1";"-1";24,5;0,511;"30"
29;2;"1";0;2;1;"-1";"0";42,5;0,1705;"30"
30;3;"0";0;3;2;"-1";"1";27;-1,5938;"30"
31;2;"1";0;2;1;"1";"-1";35,4;1,2525;"30"
32;2;"1";1;2;2;"1";"0";24,2;2,0742;"30"
33;2;"1";0;2;1;"1";"1";29,5;0,7998;"30"
34;3;"1";1;3;2;"1";"-1";39,5;-1,0456;"30"
35;2;"1";0;2;1;"1";"0";30,7;-0,4755;"30"
36;3;"1";1;3;2;"1";"1";37,6;0,3957;"30"
37;4;"0";3;4;3;"1";"-1";35,1;0,2342;"30"
38;4;"0";4;4;3;"1";"0";43,5;1,4285;"30"
39;4;"0";1;4;2;"1";"1";32,9;-0,51;"30"
40;2;"1";0;2;1;"1";"-1";34,4;-0,1772;"30"
41;3;"0";1;3;2;"1";"0";40,6;1,9289;"30"
42;2;"1";0;2;2;"1";"1";35,7;-0,954;"30"
43;3;"1";1;3;2;"1";"-1";35,5;-0,8584;"30"
44;2;"1";0;2;2;"1";"0";31,1;0,8349;"30"
45;3;"0";2;3;2;"1";"1";39,6;0,5296;"30"
46;4;"0";5;4;3;"1";"-1";38,9;-1,0848;"30"
47;3;"1";0;3;2;"1";"0";28,4;-0,1148;"30"
48;5;"0";20;5;3;"1";"1";42,4;2,334;"30"
49;4;"0";4;4;2;"1";"-1";40,6;0,2049;"30"
50;4;"0";2;4;2;"1";"0";39,1;-1,0921;"30"
51;5;"0";10;5;3;"1";"1";38,9;1,4623;"30"
52;3;"0";3;3;2;"1";"-1";36,9;-0,2809;"30"
53;2;"1";0;2;1;"1";"0";27;-0,0794;"30"
54;3;"1";0;3;2;"1";"1";41,8;1,1508;"30"
55;4;"0";5;4;3;"1";"-1";34;-0,2737;"30"
56;3;"0";1;3;2;"1";"0";37,1;-0,328;"30"
57;2;"1";0;2;2;"1";"1";34;-1,2188;"30"
58;4;"0";3;4;2;"1";"-1";37,6;-0,112;"30"
59;3;"0";1;3;2;"1";"0";39,5;1,0943;"30"
60;3;"1";1;3;2;"1";"1";34,1;2,1649;"30"
